S thread running
R thread running
Thread R: created UDP socket 3 for KTP socket 0
Thread R: socket 0 bound to port 6000, watching for packets from port 5000
Thread S: Socket number: 0 Eff window size:5 Sender Win Size:5 ACKed Win Size:10
Thread S: Socket number: 0 Eff window size:5 Sender Win Size:5 ACKed Win Size:10
Select TIMED OUT
Thread S: Socket number: 0 Eff window size:5 Sender Win Size:5 ACKed Win Size:10
Thread S: Socket number: 0 Eff window size:5 Sender Win Size:5 ACKed Win Size:10
Select TIMED OUT
Thread S: Socket number: 0 Eff window size:5 Sender Win Size:5 ACKed Win Size:10
Thread S: Socket number: 0 Eff window size:5 Sender Win Size:5 ACKed Win Size:10
Select TIMED OUT
Thread R: created UDP socket 4 for KTP socket 1
Thread S: Socket number: 0 Eff window size:5 Sender Win Size:5 ACKed Win Size:10
Thread S: Socket number: 1 Eff window size:5 Sender Win Size:5 ACKed Win Size:10
Thread S: Socket number: 0 Eff window size:5 Sender Win Size:5 ACKed Win Size:10
Thread S: Socket number: 1 Eff window size:5 Sender Win Size:5 ACKed Win Size:10
Select TIMED OUT
Thread R: socket 1 bound to port 5000, watching for packets from port 6000
Thread S: Socket number: 0 Eff window size:5 Sender Win Size:5 ACKed Win Size:10
Thread S: Socket number: 1 Eff window size:5 Sender Win Size:5 ACKed Win Size:10
Thread S: sent DATA for seq 1
Thread S: sent DATA for seq 2
Thread S: sent DATA for seq 3
Thread S: sent DATA for seq 4
Thread S: sent DATA for seq 5
Thread R: received packet on socket 0
Thread R: type = DATA, seq = 1
STORING seq=1 exptd=1 recv_cnt=0
Thread R: stored in recv_buf, cnt = 1

Thread R: Reciever wnd size before update: 10
Thread R: Reciever wnd size after update: 9

After advancing: exptd=2 recv_cnt=1
Checking buf[0] seq=1 vs exptd=2
Thread R: sent ACK for seq 1

Thread R: received packet on socket 0
Thread R: type = DATA, seq = 2
STORING seq=2 exptd=2 recv_cnt=1
Thread R: stored in recv_buf, cnt = 2

Thread R: Reciever wnd size before update: 9
Thread R: Reciever wnd size after update: 8

After advancing: exptd=3 recv_cnt=2
Checking buf[0] seq=1 vs exptd=3
Checking buf[1] seq=2 vs exptd=3
Thread R: sent ACK for seq 2

Thread R: received packet on socket 1
Thread R: type = ACK, seq = 1
acked window size : 9
After ACK: swnd.cnt=4 send_buf.cnt=9
Thread R: received packet on socket 0
Thread R: type = DATA, seq = 3
STORING seq=3 exptd=3 recv_cnt=2
Thread R: stored in recv_buf, cnt = 3

Thread R: Reciever wnd size before update: 8
Thread R: Reciever wnd size after update: 7

After advancing: exptd=4 recv_cnt=3
Checking buf[0] seq=1 vs exptd=4
Checking buf[1] seq=2 vs exptd=4
Checking buf[2] seq=3 vs exptd=4
Thread R: sent ACK for seq 3

Thread R: received packet on socket 1
Thread R: type = ACK, seq = 2
acked window size : 8
After ACK: swnd.cnt=3 send_buf.cnt=8
Thread R: received packet on socket 0
Thread R: type = DATA, seq = 4
STORING seq=4 exptd=4 recv_cnt=3
Thread R: stored in recv_buf, cnt = 4

Thread R: Reciever wnd size before update: 7
Thread R: Reciever wnd size after update: 6

After advancing: exptd=5 recv_cnt=4
Checking buf[0] seq=1 vs exptd=5
Checking buf[1] seq=2 vs exptd=5
Checking buf[2] seq=3 vs exptd=5
Checking buf[3] seq=4 vs exptd=5
Thread R: sent ACK for seq 4

Thread R: received packet on socket 1
Thread R: type = ACK, seq = 3
acked window size : 7
After ACK: swnd.cnt=2 send_buf.cnt=7
Thread R: received packet on socket 0
Thread R: type = DATA, seq = 5
STORING seq=5 exptd=5 recv_cnt=4
Thread R: stored in recv_buf, cnt = 5

Thread R: Reciever wnd size before update: 6
Thread R: Reciever wnd size after update: 5

After advancing: exptd=6 recv_cnt=5
Checking buf[0] seq=1 vs exptd=6
Checking buf[1] seq=2 vs exptd=6
Checking buf[2] seq=3 vs exptd=6
Checking buf[3] seq=4 vs exptd=6
Checking buf[4] seq=5 vs exptd=6
Thread R: sent ACK for seq 5

Thread R: received packet on socket 1
Thread R: type = ACK, seq = 4
acked window size : 6
After ACK: swnd.cnt=1 send_buf.cnt=6
Thread R: received packet on socket 1
Thread R: type = ACK, seq = 5
acked window size : 5
After ACK: swnd.cnt=0 send_buf.cnt=5
Thread S: Socket number: 0 Eff window size:5 Sender Win Size:5 ACKed Win Size:10
Thread S: Socket number: 1 Eff window size:5 Sender Win Size:5 ACKed Win Size:5
Thread S: sent DATA for seq 6
Thread S: sent DATA for seq 7
Thread S: sent DATA for seq 8
Thread S: sent DATA for seq 9
Thread S: sent DATA for seq 10
Thread R: received packet on socket 0
Thread R: type = DATA, seq = 6
STORING seq=6 exptd=6 recv_cnt=0
Thread R: stored in recv_buf, cnt = 1

Thread R: Reciever wnd size before update: 10
Thread R: Reciever wnd size after update: 9

After advancing: exptd=7 recv_cnt=1
Checking buf[5] seq=6 vs exptd=7
Thread R: sent ACK for seq 6

Thread R: received packet on socket 0
Thread R: type = DATA, seq = 7
STORING seq=7 exptd=7 recv_cnt=1
Thread R: stored in recv_buf, cnt = 2

Thread R: Reciever wnd size before update: 9
Thread R: Reciever wnd size after update: 8

After advancing: exptd=8 recv_cnt=2
Checking buf[5] seq=6 vs exptd=8
Checking buf[6] seq=7 vs exptd=8
Thread R: sent ACK for seq 7

Thread R: received packet on socket 1
Thread R: type = ACK, seq = 6
acked window size : 9
After ACK: swnd.cnt=4 send_buf.cnt=9
Thread R: received packet on socket 0
Thread R: type = DATA, seq = 8
STORING seq=8 exptd=8 recv_cnt=2
Thread R: stored in recv_buf, cnt = 3

Thread R: Reciever wnd size before update: 8
Thread R: Reciever wnd size after update: 7

After advancing: exptd=9 recv_cnt=3
Checking buf[5] seq=6 vs exptd=9
Checking buf[6] seq=7 vs exptd=9
Checking buf[7] seq=8 vs exptd=9
Thread R: sent ACK for seq 8

Thread R: received packet on socket 1
Thread R: type = ACK, seq = 7
acked window size : 8
After ACK: swnd.cnt=3 send_buf.cnt=8
Thread R: received packet on socket 0
Thread R: type = DATA, seq = 9
STORING seq=9 exptd=9 recv_cnt=3
Thread R: stored in recv_buf, cnt = 4

Thread R: Reciever wnd size before update: 7
Thread R: Reciever wnd size after update: 6

After advancing: exptd=10 recv_cnt=4
Checking buf[5] seq=6 vs exptd=10
Checking buf[6] seq=7 vs exptd=10
Checking buf[7] seq=8 vs exptd=10
Checking buf[8] seq=9 vs exptd=10
Thread R: sent ACK for seq 9

Thread R: received packet on socket 1
Thread R: type = ACK, seq = 8
acked window size : 7
After ACK: swnd.cnt=2 send_buf.cnt=7
Thread R: received packet on socket 0
Thread R: type = DATA, seq = 10
STORING seq=10 exptd=10 recv_cnt=4
Thread R: stored in recv_buf, cnt = 5

Thread R: Reciever wnd size before update: 6
Thread R: Reciever wnd size after update: 5

After advancing: exptd=11 recv_cnt=5
Checking buf[5] seq=6 vs exptd=11
Checking buf[6] seq=7 vs exptd=11
Checking buf[7] seq=8 vs exptd=11
Checking buf[8] seq=9 vs exptd=11
Checking buf[9] seq=10 vs exptd=11
Thread R: sent ACK for seq 10

Thread R: received packet on socket 1
Thread R: type = ACK, seq = 9
acked window size : 6
After ACK: swnd.cnt=1 send_buf.cnt=6
Thread R: received packet on socket 1
Thread R: type = ACK, seq = 10
acked window size : 5
After ACK: swnd.cnt=0 send_buf.cnt=5
Thread S: Socket number: 0 Eff window size:5 Sender Win Size:5 ACKed Win Size:10
Thread S: Socket number: 1 Eff window size:5 Sender Win Size:5 ACKed Win Size:5
Thread S: sent DATA for seq 11
Thread S: sent DATA for seq 12
Thread S: sent DATA for seq 13
Thread S: sent DATA for seq 14
Thread S: sent DATA for seq 15
Thread R: received packet on socket 0
Thread R: type = DATA, seq = 11
Thread R: packet dropped!
Thread R: received packet on socket 0
Thread R: type = DATA, seq = 12
STORING seq=12 exptd=11 recv_cnt=0
Thread R: stored in recv_buf, cnt = 1

Thread R: Reciever wnd size before update: 10
Thread R: Reciever wnd size after update: 9

The expected SEQ NUM is 11

Thread R: received packet on socket 0
Thread R: type = DATA, seq = 13
STORING seq=13 exptd=11 recv_cnt=1
Thread R: stored in recv_buf, cnt = 2

Thread R: Reciever wnd size before update: 9
Thread R: Reciever wnd size after update: 8

The expected SEQ NUM is 11

Thread R: received packet on socket 0
Thread R: type = DATA, seq = 14
STORING seq=14 exptd=11 recv_cnt=2
Thread R: stored in recv_buf, cnt = 3

Thread R: Reciever wnd size before update: 8
Thread R: Reciever wnd size after update: 7

The expected SEQ NUM is 11

Thread R: received packet on socket 0
Thread R: type = DATA, seq = 15
STORING seq=15 exptd=11 recv_cnt=3
Thread R: stored in recv_buf, cnt = 4

Thread R: Reciever wnd size before update: 7
Thread R: Reciever wnd size after update: 6

The expected SEQ NUM is 11

Thread S: Socket number: 0 Eff window size:5 Sender Win Size:5 ACKed Win Size:10
Thread S: Socket number: 1 Eff window size:5 Sender Win Size:5 ACKed Win Size:5
Thread S: Socket number: 0 Eff window size:5 Sender Win Size:5 ACKed Win Size:10
Thread S: Socket number: 1 Eff window size:5 Sender Win Size:5 ACKed Win Size:5
Select TIMED OUT
Thread S: Socket number: 0 Eff window size:5 Sender Win Size:5 ACKed Win Size:10
Thread S: Retransmitted from send_buf, cnt = 10
Thread S: Retransmitted from send_buf, cnt = 10
Thread S: Retransmitted from send_buf, cnt = 10
Thread S: Retransmitted from send_buf, cnt = 10
Thread S: Retransmitted from send_buf, cnt = 10
Thread S: Socket number: 1 Eff window size:5 Sender Win Size:5 ACKed Win Size:5
Thread R: received packet on socket 0
Thread R: type = DATA, seq = 11
Thread R: received packet on socket 0
Thread R: type = DATA, seq = 12
Thread R: received packet on socket 1
Thread R: type = ACK, seq = 10
acked window size : 10
After ACK: swnd.cnt=0 send_buf.cnt=5
Thread R: received packet on socket 0
Thread R: type = DATA, seq = 13
Thread R: received packet on socket 1
Thread R: type = ACK, seq = 10
acked window size : 10
Duplicate ACK — swnd empty, just updated wnd_size
After ACK: swnd.cnt=0 send_buf.cnt=5
Thread R: received packet on socket 0
Thread R: type = DATA, seq = 14
Thread R: received packet on socket 1
Thread R: type = ACK, seq = 10
acked window size : 10
Duplicate ACK — swnd empty, just updated wnd_size
After ACK: swnd.cnt=0 send_buf.cnt=5
Thread R: received packet on socket 0
Thread R: type = DATA, seq = 15
STORING seq=15 exptd=11 recv_cnt=0
Thread R: stored in recv_buf, cnt = 1

Thread R: Reciever wnd size before update: 10
Thread R: Reciever wnd size after update: 9

The expected SEQ NUM is 11

Thread R: received packet on socket 1
Thread R: type = ACK, seq = 10
acked window size : 10
Duplicate ACK — swnd empty, just updated wnd_size
After ACK: swnd.cnt=0 send_buf.cnt=5
Thread S: Socket number: 0 Eff window size:5 Sender Win Size:5 ACKed Win Size:10
Thread S: Socket number: 1 Eff window size:5 Sender Win Size:5 ACKed Win Size:10
Thread S: sent DATA for seq 16
Thread S: sent DATA for seq 17
Thread S: sent DATA for seq 18
Thread S: sent DATA for seq 19
Thread S: sent DATA for seq 20
Thread R: received packet on socket 0
Thread R: type = DATA, seq = 16
STORING seq=16 exptd=11 recv_cnt=0
Thread R: stored in recv_buf, cnt = 1

Thread R: Reciever wnd size before update: 10
Thread R: Reciever wnd size after update: 9

The expected SEQ NUM is 11

Thread R: received packet on socket 0
Thread R: type = DATA, seq = 17
STORING seq=17 exptd=11 recv_cnt=1
Thread R: stored in recv_buf, cnt = 2

Thread R: Reciever wnd size before update: 9
Thread R: Reciever wnd size after update: 8

The expected SEQ NUM is 11

Thread R: received packet on socket 0
Thread R: type = DATA, seq = 18
STORING seq=18 exptd=11 recv_cnt=2
Thread R: stored in recv_buf, cnt = 3

Thread R: Reciever wnd size before update: 8
Thread R: Reciever wnd size after update: 7

The expected SEQ NUM is 11

Thread R: received packet on socket 0
Thread R: type = DATA, seq = 19
STORING seq=19 exptd=11 recv_cnt=3
Thread R: stored in recv_buf, cnt = 4

Thread R: Reciever wnd size before update: 7
Thread R: Reciever wnd size after update: 6

The expected SEQ NUM is 11

Thread R: received packet on socket 0
Thread R: type = DATA, seq = 20
STORING seq=20 exptd=11 recv_cnt=4
Thread R: stored in recv_buf, cnt = 5

Thread R: Reciever wnd size before update: 6
Thread R: Reciever wnd size after update: 5

The expected SEQ NUM is 11

Thread S: Socket number: 0 Eff window size:5 Sender Win Size:5 ACKed Win Size:10
Thread S: Socket number: 1 Eff window size:5 Sender Win Size:5 ACKed Win Size:10
Thread S: Socket number: 0 Eff window size:5 Sender Win Size:5 ACKed Win Size:10
Thread S: Socket number: 1 Eff window size:5 Sender Win Size:5 ACKed Win Size:10
Select TIMED OUT
Thread S: Socket number: 0 Eff window size:5 Sender Win Size:5 ACKed Win Size:10
Thread S: Retransmitted from send_buf, cnt = 10
Thread S: Retransmitted from send_buf, cnt = 10
Thread S: Retransmitted from send_buf, cnt = 10
Thread S: Retransmitted from send_buf, cnt = 10
Thread S: Retransmitted from send_buf, cnt = 10
Thread S: Socket number: 1 Eff window size:5 Sender Win Size:5 ACKed Win Size:10
Thread R: received packet on socket 0
Thread R: type = DATA, seq = 16
Thread R: received packet on socket 0
Thread R: type = DATA, seq = 17
Thread R: received packet on socket 1
Thread R: type = ACK, seq = 10
acked window size : 10
After ACK: swnd.cnt=0 send_buf.cnt=5
Thread R: received packet on socket 0
Thread R: type = DATA, seq = 18
Thread R: received packet on socket 1
Thread R: type = ACK, seq = 10
acked window size : 10
Duplicate ACK — swnd empty, just updated wnd_size
After ACK: swnd.cnt=0 send_buf.cnt=5
Thread R: received packet on socket 0
Thread R: type = DATA, seq = 19
Thread R: received packet on socket 1
Thread R: type = ACK, seq = 10
acked window size : 10
Duplicate ACK — swnd empty, just updated wnd_size
After ACK: swnd.cnt=0 send_buf.cnt=5
Thread R: received packet on socket 0
Thread R: type = DATA, seq = 20
STORING seq=20 exptd=11 recv_cnt=0
Thread R: stored in recv_buf, cnt = 1

Thread R: Reciever wnd size before update: 10
Thread R: Reciever wnd size after update: 9

The expected SEQ NUM is 11

Thread R: received packet on socket 1
Thread R: type = ACK, seq = 10
acked window size : 10
Duplicate ACK — swnd empty, just updated wnd_size
After ACK: swnd.cnt=0 send_buf.cnt=5
Thread S: Socket number: 0 Eff window size:5 Sender Win Size:5 ACKed Win Size:10
Thread S: Socket number: 1 Eff window size:5 Sender Win Size:5 ACKed Win Size:10
Thread S: sent DATA for seq 21
Thread S: sent DATA for seq 22
Thread S: sent DATA for seq 23
Thread S: sent DATA for seq 24
Thread S: sent DATA for seq 25
Thread R: received packet on socket 0
Thread R: type = DATA, seq = 21
STORING seq=21 exptd=11 recv_cnt=0
Thread R: stored in recv_buf, cnt = 1

Thread R: Reciever wnd size before update: 10
Thread R: Reciever wnd size after update: 9

The expected SEQ NUM is 11

Thread R: received packet on socket 0
Thread R: type = DATA, seq = 22
STORING seq=22 exptd=11 recv_cnt=1
Thread R: stored in recv_buf, cnt = 2

Thread R: Reciever wnd size before update: 9
Thread R: Reciever wnd size after update: 8

The expected SEQ NUM is 11

Thread R: received packet on socket 0
Thread R: type = DATA, seq = 23
STORING seq=23 exptd=11 recv_cnt=2
Thread R: stored in recv_buf, cnt = 3

Thread R: Reciever wnd size before update: 8
Thread R: Reciever wnd size after update: 7

The expected SEQ NUM is 11

Thread R: received packet on socket 0
Thread R: type = DATA, seq = 24
STORING seq=24 exptd=11 recv_cnt=3
Thread R: stored in recv_buf, cnt = 4

Thread R: Reciever wnd size before update: 7
Thread R: Reciever wnd size after update: 6

The expected SEQ NUM is 11

Thread R: received packet on socket 0
Thread R: type = DATA, seq = 25
STORING seq=25 exptd=11 recv_cnt=4
Thread R: stored in recv_buf, cnt = 5

Thread R: Reciever wnd size before update: 6
Thread R: Reciever wnd size after update: 5

The expected SEQ NUM is 11

Thread S: Socket number: 0 Eff window size:5 Sender Win Size:5 ACKed Win Size:10
Thread S: Socket number: 1 Eff window size:5 Sender Win Size:5 ACKed Win Size:10
Thread S: Socket number: 0 Eff window size:5 Sender Win Size:5 ACKed Win Size:10
Thread S: Socket number: 1 Eff window size:5 Sender Win Size:5 ACKed Win Size:10
Select TIMED OUT
Thread S: Socket number: 0 Eff window size:5 Sender Win Size:5 ACKed Win Size:10
Thread S: Retransmitted from send_buf, cnt = 10
Thread S: Retransmitted from send_buf, cnt = 10
Thread S: Retransmitted from send_buf, cnt = 10
Thread S: Retransmitted from send_buf, cnt = 10
Thread S: Retransmitted from send_buf, cnt = 10
Thread S: Socket number: 1 Eff window size:5 Sender Win Size:5 ACKed Win Size:10
Thread R: received packet on socket 0
Thread R: type = DATA, seq = 21
Thread R: received packet on socket 0
Thread R: type = DATA, seq = 22
Thread R: received packet on socket 1
Thread R: type = ACK, seq = 10
acked window size : 10
After ACK: swnd.cnt=0 send_buf.cnt=5
Thread R: received packet on socket 0
Thread R: type = DATA, seq = 23
Thread R: received packet on socket 1
Thread R: type = ACK, seq = 10
Thread R: packet dropped!
Thread R: received packet on socket 0
Thread R: type = DATA, seq = 24
Thread R: received packet on socket 1
Thread R: type = ACK, seq = 10
acked window size : 10
Duplicate ACK — swnd empty, just updated wnd_size
After ACK: swnd.cnt=0 send_buf.cnt=5
Thread R: received packet on socket 0
Thread R: type = DATA, seq = 25
STORING seq=25 exptd=11 recv_cnt=0
Thread R: stored in recv_buf, cnt = 1

Thread R: Reciever wnd size before update: 10
Thread R: Reciever wnd size after update: 9

The expected SEQ NUM is 11

Thread R: received packet on socket 1
Thread R: type = ACK, seq = 10
acked window size : 10
Duplicate ACK — swnd empty, just updated wnd_size
After ACK: swnd.cnt=0 send_buf.cnt=5
Thread S: Socket number: 0 Eff window size:5 Sender Win Size:5 ACKed Win Size:10
Thread S: Socket number: 1 Eff window size:5 Sender Win Size:5 ACKed Win Size:10
Thread S: sent DATA for seq 26
Thread S: sent DATA for seq 27
Thread S: sent DATA for seq 28
Thread S: sent DATA for seq 29
Thread S: sent DATA for seq 30
Thread R: received packet on socket 0
Thread R: type = DATA, seq = 26
STORING seq=26 exptd=11 recv_cnt=0
Thread R: stored in recv_buf, cnt = 1

Thread R: Reciever wnd size before update: 10
Thread R: Reciever wnd size after update: 9

The expected SEQ NUM is 11

Thread R: received packet on socket 0
Thread R: type = DATA, seq = 27
STORING seq=27 exptd=11 recv_cnt=1
Thread R: stored in recv_buf, cnt = 2

Thread R: Reciever wnd size before update: 9
Thread R: Reciever wnd size after update: 8

The expected SEQ NUM is 11

Thread R: received packet on socket 0
Thread R: type = DATA, seq = 28
STORING seq=28 exptd=11 recv_cnt=2
Thread R: stored in recv_buf, cnt = 3

Thread R: Reciever wnd size before update: 8
Thread R: Reciever wnd size after update: 7

The expected SEQ NUM is 11

Thread R: received packet on socket 0
Thread R: type = DATA, seq = 29
STORING seq=29 exptd=11 recv_cnt=3
Thread R: stored in recv_buf, cnt = 4

Thread R: Reciever wnd size before update: 7
Thread R: Reciever wnd size after update: 6

The expected SEQ NUM is 11

Thread R: received packet on socket 0
Thread R: type = DATA, seq = 30
STORING seq=30 exptd=11 recv_cnt=4
Thread R: stored in recv_buf, cnt = 5

Thread R: Reciever wnd size before update: 6
Thread R: Reciever wnd size after update: 5

The expected SEQ NUM is 11

Thread S: Socket number: 0 Eff window size:5 Sender Win Size:5 ACKed Win Size:10
Thread S: Socket number: 1 Eff window size:5 Sender Win Size:5 ACKed Win Size:10
Thread S: Socket number: 0 Eff window size:5 Sender Win Size:5 ACKed Win Size:10
Thread S: Socket number: 1 Eff window size:5 Sender Win Size:5 ACKed Win Size:10
Select TIMED OUT
Thread S: Socket number: 0 Eff window size:5 Sender Win Size:5 ACKed Win Size:10
Thread S: Retransmitted from send_buf, cnt = 10
Thread S: Retransmitted from send_buf, cnt = 10
Thread S: Retransmitted from send_buf, cnt = 10
Thread S: Retransmitted from send_buf, cnt = 10
Thread S: Retransmitted from send_buf, cnt = 10
Thread S: Socket number: 1 Eff window size:5 Sender Win Size:5 ACKed Win Size:10
Thread R: received packet on socket 0
Thread R: type = DATA, seq = 26
Thread R: received packet on socket 0
Thread R: type = DATA, seq = 27
Thread R: received packet on socket 1
Thread R: type = ACK, seq = 10
acked window size : 10
After ACK: swnd.cnt=0 send_buf.cnt=5
Thread R: received packet on socket 0
Thread R: type = DATA, seq = 28
Thread R: received packet on socket 1
Thread R: type = ACK, seq = 10
Thread R: packet dropped!
Thread R: received packet on socket 0
Thread R: type = DATA, seq = 29
Thread R: received packet on socket 1
Thread R: type = ACK, seq = 10
acked window size : 10
Duplicate ACK — swnd empty, just updated wnd_size
After ACK: swnd.cnt=0 send_buf.cnt=5
Thread R: received packet on socket 0
Thread R: type = DATA, seq = 30
STORING seq=30 exptd=11 recv_cnt=0
Thread R: stored in recv_buf, cnt = 1

Thread R: Reciever wnd size before update: 10
Thread R: Reciever wnd size after update: 9

The expected SEQ NUM is 11

Thread R: received packet on socket 1
Thread R: type = ACK, seq = 10
acked window size : 10
Duplicate ACK — swnd empty, just updated wnd_size
After ACK: swnd.cnt=0 send_buf.cnt=5
Thread S: Socket number: 0 Eff window size:5 Sender Win Size:5 ACKed Win Size:10
Thread S: Socket number: 1 Eff window size:5 Sender Win Size:5 ACKed Win Size:10
Thread S: sent DATA for seq 31
Thread S: sent DATA for seq 32
Thread S: sent DATA for seq 33
Thread S: sent DATA for seq 34
Thread S: sent DATA for seq 35
Thread R: received packet on socket 0
Thread R: type = DATA, seq = 31
STORING seq=31 exptd=11 recv_cnt=0
Thread R: stored in recv_buf, cnt = 1

Thread R: Reciever wnd size before update: 10
Thread R: Reciever wnd size after update: 9

The expected SEQ NUM is 11

Thread R: received packet on socket 0
Thread R: type = DATA, seq = 32
STORING seq=32 exptd=11 recv_cnt=1
Thread R: stored in recv_buf, cnt = 2

Thread R: Reciever wnd size before update: 9
Thread R: Reciever wnd size after update: 8

The expected SEQ NUM is 11

Thread R: received packet on socket 0
Thread R: type = DATA, seq = 33
STORING seq=33 exptd=11 recv_cnt=2
Thread R: stored in recv_buf, cnt = 3

Thread R: Reciever wnd size before update: 8
Thread R: Reciever wnd size after update: 7

The expected SEQ NUM is 11

Thread R: received packet on socket 0
Thread R: type = DATA, seq = 34
STORING seq=34 exptd=11 recv_cnt=3
Thread R: stored in recv_buf, cnt = 4

Thread R: Reciever wnd size before update: 7
Thread R: Reciever wnd size after update: 6

The expected SEQ NUM is 11

Thread R: received packet on socket 0
Thread R: type = DATA, seq = 35
STORING seq=35 exptd=11 recv_cnt=4
Thread R: stored in recv_buf, cnt = 5

Thread R: Reciever wnd size before update: 6
Thread R: Reciever wnd size after update: 5

The expected SEQ NUM is 11

Thread S: Socket number: 0 Eff window size:5 Sender Win Size:5 ACKed Win Size:10
Thread S: Socket number: 1 Eff window size:5 Sender Win Size:5 ACKed Win Size:10
Thread S: Socket number: 0 Eff window size:5 Sender Win Size:5 ACKed Win Size:10
Thread S: Socket number: 1 Eff window size:5 Sender Win Size:5 ACKed Win Size:10
Select TIMED OUT
Thread S: Socket number: 0 Eff window size:5 Sender Win Size:5 ACKed Win Size:10
Thread S: Retransmitted from send_buf, cnt = 10
Thread S: Retransmitted from send_buf, cnt = 10
Thread S: Retransmitted from send_buf, cnt = 10
Thread S: Retransmitted from send_buf, cnt = 10
Thread S: Retransmitted from send_buf, cnt = 10
Thread S: Socket number: 1 Eff window size:5 Sender Win Size:5 ACKed Win Size:10
Thread R: received packet on socket 0
Thread R: type = DATA, seq = 31
Thread R: received packet on socket 0
Thread R: type = DATA, seq = 32
Thread R: received packet on socket 1
Thread R: type = ACK, seq = 10
acked window size : 10
After ACK: swnd.cnt=0 send_buf.cnt=5
Thread R: received packet on socket 0
Thread R: type = DATA, seq = 33
Thread R: received packet on socket 1
Thread R: type = ACK, seq = 10
acked window size : 10
Duplicate ACK — swnd empty, just updated wnd_size
After ACK: swnd.cnt=0 send_buf.cnt=5
Thread R: received packet on socket 0
Thread R: type = DATA, seq = 34
Thread R: received packet on socket 1
Thread R: type = ACK, seq = 10
acked window size : 10
Duplicate ACK — swnd empty, just updated wnd_size
After ACK: swnd.cnt=0 send_buf.cnt=5
Thread R: received packet on socket 0
Thread R: type = DATA, seq = 35
STORING seq=35 exptd=11 recv_cnt=0
Thread R: stored in recv_buf, cnt = 1

Thread R: Reciever wnd size before update: 10
Thread R: Reciever wnd size after update: 9

The expected SEQ NUM is 11

Thread R: received packet on socket 1
Thread R: type = ACK, seq = 10
acked window size : 10
Duplicate ACK — swnd empty, just updated wnd_size
After ACK: swnd.cnt=0 send_buf.cnt=5
Thread S: Socket number: 0 Eff window size:5 Sender Win Size:5 ACKed Win Size:10
Thread S: Socket number: 1 Eff window size:5 Sender Win Size:5 ACKed Win Size:10
Thread S: sent DATA for seq 36
Thread S: sent DATA for seq 37
Thread S: sent DATA for seq 38
Thread S: sent DATA for seq 39
Thread S: sent DATA for seq 40
Thread R: received packet on socket 0
Thread R: type = DATA, seq = 36
STORING seq=36 exptd=11 recv_cnt=0
Thread R: stored in recv_buf, cnt = 1

Thread R: Reciever wnd size before update: 10
Thread R: Reciever wnd size after update: 9

The expected SEQ NUM is 11

Thread R: received packet on socket 0
Thread R: type = DATA, seq = 37
STORING seq=37 exptd=11 recv_cnt=1
Thread R: stored in recv_buf, cnt = 2

Thread R: Reciever wnd size before update: 9
Thread R: Reciever wnd size after update: 8

The expected SEQ NUM is 11

Thread R: received packet on socket 0
Thread R: type = DATA, seq = 38
STORING seq=38 exptd=11 recv_cnt=2
Thread R: stored in recv_buf, cnt = 3

Thread R: Reciever wnd size before update: 8
Thread R: Reciever wnd size after update: 7

The expected SEQ NUM is 11

Thread R: received packet on socket 0
Thread R: type = DATA, seq = 39
STORING seq=39 exptd=11 recv_cnt=3
Thread R: stored in recv_buf, cnt = 4

Thread R: Reciever wnd size before update: 7
Thread R: Reciever wnd size after update: 6

The expected SEQ NUM is 11

Thread R: received packet on socket 0
Thread R: type = DATA, seq = 40
STORING seq=40 exptd=11 recv_cnt=4
Thread R: stored in recv_buf, cnt = 5

Thread R: Reciever wnd size before update: 6
Thread R: Reciever wnd size after update: 5

The expected SEQ NUM is 11

Thread S: Socket number: 0 Eff window size:5 Sender Win Size:5 ACKed Win Size:10
Thread S: Socket number: 1 Eff window size:5 Sender Win Size:5 ACKed Win Size:10
Thread S: Socket number: 0 Eff window size:5 Sender Win Size:5 ACKed Win Size:10
Thread S: Socket number: 1 Eff window size:5 Sender Win Size:5 ACKed Win Size:10
Select TIMED OUT
Thread S: Socket number: 0 Eff window size:5 Sender Win Size:5 ACKed Win Size:10
Thread S: Retransmitted from send_buf, cnt = 10
Thread S: Retransmitted from send_buf, cnt = 10
Thread S: Retransmitted from send_buf, cnt = 10
Thread S: Retransmitted from send_buf, cnt = 10
Thread S: Retransmitted from send_buf, cnt = 10
Thread S: Socket number: 1 Eff window size:5 Sender Win Size:5 ACKed Win Size:10
Thread R: received packet on socket 0
Thread R: type = DATA, seq = 36
Thread R: received packet on socket 0
Thread R: type = DATA, seq = 37
Thread R: received packet on socket 1
Thread R: type = ACK, seq = 10
acked window size : 10
After ACK: swnd.cnt=0 send_buf.cnt=5
Thread R: received packet on socket 0
Thread R: type = DATA, seq = 38
Thread R: received packet on socket 1
Thread R: type = ACK, seq = 10
acked window size : 10
Duplicate ACK — swnd empty, just updated wnd_size
After ACK: swnd.cnt=0 send_buf.cnt=5
Thread R: received packet on socket 0
Thread R: type = DATA, seq = 39
Thread R: received packet on socket 1
Thread R: type = ACK, seq = 10
acked window size : 10
Duplicate ACK — swnd empty, just updated wnd_size
After ACK: swnd.cnt=0 send_buf.cnt=5
Thread R: received packet on socket 0
Thread R: type = DATA, seq = 40
STORING seq=40 exptd=11 recv_cnt=0
Thread R: stored in recv_buf, cnt = 1

Thread R: Reciever wnd size before update: 10
Thread R: Reciever wnd size after update: 9

The expected SEQ NUM is 11

Thread R: received packet on socket 1
Thread R: type = ACK, seq = 10
acked window size : 10
Duplicate ACK — swnd empty, just updated wnd_size
After ACK: swnd.cnt=0 send_buf.cnt=5
Thread S: Socket number: 0 Eff window size:5 Sender Win Size:5 ACKed Win Size:10
Thread S: Socket number: 1 Eff window size:5 Sender Win Size:5 ACKed Win Size:10
Thread S: sent DATA for seq 41
Thread S: sent DATA for seq 42
Thread S: sent DATA for seq 43
Thread S: sent DATA for seq 44
Thread S: sent DATA for seq 45
Thread R: received packet on socket 0
Thread R: type = DATA, seq = 41
STORING seq=41 exptd=11 recv_cnt=0
Thread R: stored in recv_buf, cnt = 1

Thread R: Reciever wnd size before update: 10
Thread R: Reciever wnd size after update: 9

The expected SEQ NUM is 11

Thread R: received packet on socket 0
Thread R: type = DATA, seq = 42
STORING seq=42 exptd=11 recv_cnt=1
Thread R: stored in recv_buf, cnt = 2

Thread R: Reciever wnd size before update: 9
Thread R: Reciever wnd size after update: 8

The expected SEQ NUM is 11

Thread R: received packet on socket 0
Thread R: type = DATA, seq = 43
STORING seq=43 exptd=11 recv_cnt=2
Thread R: stored in recv_buf, cnt = 3

Thread R: Reciever wnd size before update: 8
Thread R: Reciever wnd size after update: 7

The expected SEQ NUM is 11

Thread R: received packet on socket 0
Thread R: type = DATA, seq = 44
STORING seq=44 exptd=11 recv_cnt=3
Thread R: stored in recv_buf, cnt = 4

Thread R: Reciever wnd size before update: 7
Thread R: Reciever wnd size after update: 6

The expected SEQ NUM is 11

Thread R: received packet on socket 0
Thread R: type = DATA, seq = 45
STORING seq=45 exptd=11 recv_cnt=4
Thread R: stored in recv_buf, cnt = 5

Thread R: Reciever wnd size before update: 6
Thread R: Reciever wnd size after update: 5

The expected SEQ NUM is 11

Thread S: Socket number: 0 Eff window size:5 Sender Win Size:5 ACKed Win Size:10
Thread S: Socket number: 1 Eff window size:5 Sender Win Size:5 ACKed Win Size:10
Thread S: Socket number: 0 Eff window size:5 Sender Win Size:5 ACKed Win Size:10
Thread S: Socket number: 1 Eff window size:5 Sender Win Size:5 ACKed Win Size:10
Select TIMED OUT
Thread S: Socket number: 0 Eff window size:5 Sender Win Size:5 ACKed Win Size:10
Thread S: Retransmitted from send_buf, cnt = 10
Thread S: Retransmitted from send_buf, cnt = 10
Thread S: Retransmitted from send_buf, cnt = 10
Thread S: Retransmitted from send_buf, cnt = 10
Thread S: Retransmitted from send_buf, cnt = 10
Thread S: Socket number: 1 Eff window size:5 Sender Win Size:5 ACKed Win Size:10
Thread R: received packet on socket 0
Thread R: type = DATA, seq = 41
Thread R: received packet on socket 0
Thread R: type = DATA, seq = 42
Thread R: received packet on socket 1
Thread R: type = ACK, seq = 10
acked window size : 10
After ACK: swnd.cnt=0 send_buf.cnt=5
Thread R: received packet on socket 0
Thread R: type = DATA, seq = 43
Thread R: received packet on socket 1
Thread R: type = ACK, seq = 10
acked window size : 10
Duplicate ACK — swnd empty, just updated wnd_size
After ACK: swnd.cnt=0 send_buf.cnt=5
Thread R: received packet on socket 0
Thread R: type = DATA, seq = 44
Thread R: received packet on socket 1
Thread R: type = ACK, seq = 10
acked window size : 10
Duplicate ACK — swnd empty, just updated wnd_size
After ACK: swnd.cnt=0 send_buf.cnt=5
Thread R: received packet on socket 0
Thread R: type = DATA, seq = 45
STORING seq=45 exptd=11 recv_cnt=0
Thread R: stored in recv_buf, cnt = 1

Thread R: Reciever wnd size before update: 10
Thread R: Reciever wnd size after update: 9

The expected SEQ NUM is 11

Thread R: received packet on socket 1
Thread R: type = ACK, seq = 10
acked window size : 10
Duplicate ACK — swnd empty, just updated wnd_size
After ACK: swnd.cnt=0 send_buf.cnt=5
Thread S: Socket number: 0 Eff window size:5 Sender Win Size:5 ACKed Win Size:10
Thread S: Socket number: 1 Eff window size:5 Sender Win Size:5 ACKed Win Size:10
Thread S: sent DATA for seq 46
Thread S: sent DATA for seq 47
Thread S: sent DATA for seq 48
Thread S: sent DATA for seq 49
Thread S: sent DATA for seq 50
Thread R: received packet on socket 0
Thread R: type = DATA, seq = 46
STORING seq=46 exptd=11 recv_cnt=0
Thread R: stored in recv_buf, cnt = 1

Thread R: Reciever wnd size before update: 10
Thread R: Reciever wnd size after update: 9

The expected SEQ NUM is 11

Thread R: received packet on socket 0
Thread R: type = DATA, seq = 47
STORING seq=47 exptd=11 recv_cnt=1
Thread R: stored in recv_buf, cnt = 2

Thread R: Reciever wnd size before update: 9
Thread R: Reciever wnd size after update: 8

The expected SEQ NUM is 11

Thread R: received packet on socket 0
Thread R: type = DATA, seq = 48
STORING seq=48 exptd=11 recv_cnt=2
Thread R: stored in recv_buf, cnt = 3

Thread R: Reciever wnd size before update: 8
Thread R: Reciever wnd size after update: 7

The expected SEQ NUM is 11

Thread R: received packet on socket 0
Thread R: type = DATA, seq = 49
STORING seq=49 exptd=11 recv_cnt=3
Thread R: stored in recv_buf, cnt = 4

Thread R: Reciever wnd size before update: 7
Thread R: Reciever wnd size after update: 6

The expected SEQ NUM is 11

Thread R: received packet on socket 0
Thread R: type = DATA, seq = 50
STORING seq=50 exptd=11 recv_cnt=4
Thread R: stored in recv_buf, cnt = 5

Thread R: Reciever wnd size before update: 6
Thread R: Reciever wnd size after update: 5

The expected SEQ NUM is 11

Thread S: Socket number: 0 Eff window size:5 Sender Win Size:5 ACKed Win Size:10
Thread S: Socket number: 1 Eff window size:5 Sender Win Size:5 ACKed Win Size:10
Thread S: Socket number: 0 Eff window size:5 Sender Win Size:5 ACKed Win Size:10
Thread S: Socket number: 1 Eff window size:5 Sender Win Size:5 ACKed Win Size:10
Select TIMED OUT
Thread S: Socket number: 0 Eff window size:5 Sender Win Size:5 ACKed Win Size:10
Thread S: Retransmitted from send_buf, cnt = 10
Thread S: Retransmitted from send_buf, cnt = 10
Thread S: Retransmitted from send_buf, cnt = 10
Thread S: Retransmitted from send_buf, cnt = 10
Thread S: Retransmitted from send_buf, cnt = 10
Thread S: Socket number: 1 Eff window size:5 Sender Win Size:5 ACKed Win Size:10
Thread R: received packet on socket 0
Thread R: type = DATA, seq = 46
Thread R: received packet on socket 0
Thread R: type = DATA, seq = 47
Thread R: received packet on socket 1
Thread R: type = ACK, seq = 10
acked window size : 10
After ACK: swnd.cnt=0 send_buf.cnt=5
Thread R: received packet on socket 0
Thread R: type = DATA, seq = 48
Thread R: received packet on socket 1
Thread R: type = ACK, seq = 10
acked window size : 10
Duplicate ACK — swnd empty, just updated wnd_size
After ACK: swnd.cnt=0 send_buf.cnt=5
Thread R: received packet on socket 0
Thread R: type = DATA, seq = 49
Thread R: received packet on socket 1
Thread R: type = ACK, seq = 10
acked window size : 10
Duplicate ACK — swnd empty, just updated wnd_size
After ACK: swnd.cnt=0 send_buf.cnt=5
Thread R: received packet on socket 0
Thread R: type = DATA, seq = 50
STORING seq=50 exptd=11 recv_cnt=0
Thread R: stored in recv_buf, cnt = 1

Thread R: Reciever wnd size before update: 10
Thread R: Reciever wnd size after update: 9

The expected SEQ NUM is 11

Thread R: received packet on socket 1
Thread R: type = ACK, seq = 10
acked window size : 10
Duplicate ACK — swnd empty, just updated wnd_size
After ACK: swnd.cnt=0 send_buf.cnt=5
Thread S: Socket number: 0 Eff window size:5 Sender Win Size:5 ACKed Win Size:10
Thread S: Socket number: 1 Eff window size:5 Sender Win Size:5 ACKed Win Size:10
Thread S: sent DATA for seq 51
Thread S: sent DATA for seq 52
Thread S: sent DATA for seq 53
Thread S: sent DATA for seq 54
Thread S: sent DATA for seq 55
Thread R: received packet on socket 0
Thread R: type = DATA, seq = 51
STORING seq=51 exptd=11 recv_cnt=0
Thread R: stored in recv_buf, cnt = 1

Thread R: Reciever wnd size before update: 10
Thread R: Reciever wnd size after update: 9

The expected SEQ NUM is 11

Thread R: received packet on socket 0
Thread R: type = DATA, seq = 52
STORING seq=52 exptd=11 recv_cnt=1
Thread R: stored in recv_buf, cnt = 2

Thread R: Reciever wnd size before update: 9
Thread R: Reciever wnd size after update: 8

The expected SEQ NUM is 11

Thread R: received packet on socket 0
Thread R: type = DATA, seq = 53
STORING seq=53 exptd=11 recv_cnt=2
Thread R: stored in recv_buf, cnt = 3

Thread R: Reciever wnd size before update: 8
Thread R: Reciever wnd size after update: 7

The expected SEQ NUM is 11

Thread R: received packet on socket 0
Thread R: type = DATA, seq = 54
STORING seq=54 exptd=11 recv_cnt=3
Thread R: stored in recv_buf, cnt = 4

Thread R: Reciever wnd size before update: 7
Thread R: Reciever wnd size after update: 6

The expected SEQ NUM is 11

Thread R: received packet on socket 0
Thread R: type = DATA, seq = 55
STORING seq=55 exptd=11 recv_cnt=4
Thread R: stored in recv_buf, cnt = 5

Thread R: Reciever wnd size before update: 6
Thread R: Reciever wnd size after update: 5

The expected SEQ NUM is 11

Thread S: Socket number: 0 Eff window size:5 Sender Win Size:5 ACKed Win Size:10
Thread S: Socket number: 1 Eff window size:5 Sender Win Size:5 ACKed Win Size:10
Thread S: Socket number: 0 Eff window size:5 Sender Win Size:5 ACKed Win Size:10
Thread S: Socket number: 1 Eff window size:5 Sender Win Size:5 ACKed Win Size:10
Select TIMED OUT
Thread S: Socket number: 0 Eff window size:5 Sender Win Size:5 ACKed Win Size:10
Thread S: Retransmitted from send_buf, cnt = 10
Thread S: Retransmitted from send_buf, cnt = 10
Thread S: Retransmitted from send_buf, cnt = 10
Thread S: Retransmitted from send_buf, cnt = 10
Thread S: Retransmitted from send_buf, cnt = 10
Thread S: Socket number: 1 Eff window size:5 Sender Win Size:5 ACKed Win Size:10
Thread R: received packet on socket 0
Thread R: type = DATA, seq = 51
Thread R: received packet on socket 0
Thread R: type = DATA, seq = 52
Thread R: received packet on socket 1
Thread R: type = ACK, seq = 10
acked window size : 10
After ACK: swnd.cnt=0 send_buf.cnt=5
Thread R: received packet on socket 0
Thread R: type = DATA, seq = 53
Thread R: received packet on socket 1
Thread R: type = ACK, seq = 10
acked window size : 10
Duplicate ACK — swnd empty, just updated wnd_size
After ACK: swnd.cnt=0 send_buf.cnt=5
Thread R: received packet on socket 0
Thread R: type = DATA, seq = 54
Thread R: received packet on socket 1
Thread R: type = ACK, seq = 10
acked window size : 10
Duplicate ACK — swnd empty, just updated wnd_size
After ACK: swnd.cnt=0 send_buf.cnt=5
Thread R: received packet on socket 0
Thread R: type = DATA, seq = 55
STORING seq=55 exptd=11 recv_cnt=0
Thread R: stored in recv_buf, cnt = 1

Thread R: Reciever wnd size before update: 10
Thread R: Reciever wnd size after update: 9

The expected SEQ NUM is 11

Thread R: received packet on socket 1
Thread R: type = ACK, seq = 10
acked window size : 10
Duplicate ACK — swnd empty, just updated wnd_size
After ACK: swnd.cnt=0 send_buf.cnt=5
Thread S: Socket number: 0 Eff window size:5 Sender Win Size:5 ACKed Win Size:10
Thread S: Socket number: 1 Eff window size:5 Sender Win Size:5 ACKed Win Size:10
Thread S: sent DATA for seq 56
Thread S: sent DATA for seq 57
Thread S: sent DATA for seq 58
Thread S: sent DATA for seq 59
Thread S: sent DATA for seq 60
Thread R: received packet on socket 0
Thread R: type = DATA, seq = 56
STORING seq=56 exptd=11 recv_cnt=0
Thread R: stored in recv_buf, cnt = 1

Thread R: Reciever wnd size before update: 10
Thread R: Reciever wnd size after update: 9

The expected SEQ NUM is 11

Thread R: received packet on socket 0
Thread R: type = DATA, seq = 57
STORING seq=57 exptd=11 recv_cnt=1
Thread R: stored in recv_buf, cnt = 2

Thread R: Reciever wnd size before update: 9
Thread R: Reciever wnd size after update: 8

The expected SEQ NUM is 11

Thread R: received packet on socket 0
Thread R: type = DATA, seq = 58
STORING seq=58 exptd=11 recv_cnt=2
Thread R: stored in recv_buf, cnt = 3

Thread R: Reciever wnd size before update: 8
Thread R: Reciever wnd size after update: 7

The expected SEQ NUM is 11

Thread R: received packet on socket 0
Thread R: type = DATA, seq = 59
STORING seq=59 exptd=11 recv_cnt=3
Thread R: stored in recv_buf, cnt = 4

Thread R: Reciever wnd size before update: 7
Thread R: Reciever wnd size after update: 6

The expected SEQ NUM is 11

Thread R: received packet on socket 0
Thread R: type = DATA, seq = 60
STORING seq=60 exptd=11 recv_cnt=4
Thread R: stored in recv_buf, cnt = 5

Thread R: Reciever wnd size before update: 6
Thread R: Reciever wnd size after update: 5

The expected SEQ NUM is 11

Thread S: Socket number: 0 Eff window size:5 Sender Win Size:5 ACKed Win Size:10
Thread S: Socket number: 1 Eff window size:5 Sender Win Size:5 ACKed Win Size:10
Thread S: Socket number: 0 Eff window size:5 Sender Win Size:5 ACKed Win Size:10
Thread S: Socket number: 1 Eff window size:5 Sender Win Size:5 ACKed Win Size:10
Select TIMED OUT
Thread S: Socket number: 0 Eff window size:5 Sender Win Size:5 ACKed Win Size:10
Thread S: Retransmitted from send_buf, cnt = 10
Thread S: Retransmitted from send_buf, cnt = 10
Thread S: Retransmitted from send_buf, cnt = 10
Thread S: Retransmitted from send_buf, cnt = 10
Thread S: Retransmitted from send_buf, cnt = 10
Thread S: Socket number: 1 Eff window size:5 Sender Win Size:5 ACKed Win Size:10
Thread R: received packet on socket 0
Thread R: type = DATA, seq = 56
Thread R: received packet on socket 0
Thread R: type = DATA, seq = 57
Thread R: received packet on socket 1
Thread R: type = ACK, seq = 10
acked window size : 10
After ACK: swnd.cnt=0 send_buf.cnt=5
Thread R: received packet on socket 0
Thread R: type = DATA, seq = 58
Thread R: received packet on socket 1
Thread R: type = ACK, seq = 10
acked window size : 10
Duplicate ACK — swnd empty, just updated wnd_size
After ACK: swnd.cnt=0 send_buf.cnt=5
Thread R: received packet on socket 0
Thread R: type = DATA, seq = 59
Thread R: received packet on socket 1
Thread R: type = ACK, seq = 10
acked window size : 10
Duplicate ACK — swnd empty, just updated wnd_size
After ACK: swnd.cnt=0 send_buf.cnt=5
Thread R: received packet on socket 0
Thread R: type = DATA, seq = 60
STORING seq=60 exptd=11 recv_cnt=0
Thread R: stored in recv_buf, cnt = 1

Thread R: Reciever wnd size before update: 10
Thread R: Reciever wnd size after update: 9

The expected SEQ NUM is 11

Thread R: received packet on socket 1
Thread R: type = ACK, seq = 10
acked window size : 10
Duplicate ACK — swnd empty, just updated wnd_size
After ACK: swnd.cnt=0 send_buf.cnt=5
Thread S: Socket number: 0 Eff window size:5 Sender Win Size:5 ACKed Win Size:10
Thread S: Socket number: 1 Eff window size:5 Sender Win Size:5 ACKed Win Size:10
Thread S: sent DATA for seq 61
Thread S: sent DATA for seq 62
Thread S: sent DATA for seq 63
Thread S: sent DATA for seq 64
Thread S: sent DATA for seq 65
Thread R: received packet on socket 0
Thread R: type = DATA, seq = 61
STORING seq=61 exptd=11 recv_cnt=0
Thread R: stored in recv_buf, cnt = 1

Thread R: Reciever wnd size before update: 10
Thread R: Reciever wnd size after update: 9

The expected SEQ NUM is 11

Thread R: received packet on socket 0
Thread R: type = DATA, seq = 62
STORING seq=62 exptd=11 recv_cnt=1
Thread R: stored in recv_buf, cnt = 2

Thread R: Reciever wnd size before update: 9
Thread R: Reciever wnd size after update: 8

The expected SEQ NUM is 11

Thread R: received packet on socket 0
Thread R: type = DATA, seq = 63
STORING seq=63 exptd=11 recv_cnt=2
Thread R: stored in recv_buf, cnt = 3

Thread R: Reciever wnd size before update: 8
Thread R: Reciever wnd size after update: 7

The expected SEQ NUM is 11

Thread R: received packet on socket 0
Thread R: type = DATA, seq = 64
STORING seq=64 exptd=11 recv_cnt=3
Thread R: stored in recv_buf, cnt = 4

Thread R: Reciever wnd size before update: 7
Thread R: Reciever wnd size after update: 6

The expected SEQ NUM is 11

Thread R: received packet on socket 0
Thread R: type = DATA, seq = 65
STORING seq=65 exptd=11 recv_cnt=4
Thread R: stored in recv_buf, cnt = 5

Thread R: Reciever wnd size before update: 6
Thread R: Reciever wnd size after update: 5

The expected SEQ NUM is 11

Thread S: Socket number: 0 Eff window size:5 Sender Win Size:5 ACKed Win Size:10
Thread S: Socket number: 1 Eff window size:5 Sender Win Size:5 ACKed Win Size:10
Thread S: Socket number: 0 Eff window size:5 Sender Win Size:5 ACKed Win Size:10
Thread S: Socket number: 1 Eff window size:5 Sender Win Size:5 ACKed Win Size:10
Select TIMED OUT
Thread S: Socket number: 0 Eff window size:5 Sender Win Size:5 ACKed Win Size:10
Thread S: Retransmitted from send_buf, cnt = 10
Thread S: Retransmitted from send_buf, cnt = 10
Thread S: Retransmitted from send_buf, cnt = 10
Thread S: Retransmitted from send_buf, cnt = 10
Thread S: Retransmitted from send_buf, cnt = 10
Thread S: Socket number: 1 Eff window size:5 Sender Win Size:5 ACKed Win Size:10
Thread R: received packet on socket 0
Thread R: type = DATA, seq = 61
Thread R: received packet on socket 0
Thread R: type = DATA, seq = 62
Thread R: received packet on socket 1
Thread R: type = ACK, seq = 10
acked window size : 10
After ACK: swnd.cnt=0 send_buf.cnt=5
Thread R: received packet on socket 0
Thread R: type = DATA, seq = 63
Thread R: received packet on socket 1
Thread R: type = ACK, seq = 10
acked window size : 10
Duplicate ACK — swnd empty, just updated wnd_size
After ACK: swnd.cnt=0 send_buf.cnt=5
Thread R: received packet on socket 0
Thread R: type = DATA, seq = 64
Thread R: received packet on socket 1
Thread R: type = ACK, seq = 10
acked window size : 10
Duplicate ACK — swnd empty, just updated wnd_size
After ACK: swnd.cnt=0 send_buf.cnt=5
Thread R: received packet on socket 0
Thread R: type = DATA, seq = 65
Thread R: packet dropped!
Thread R: received packet on socket 1
Thread R: type = ACK, seq = 10
acked window size : 10
Duplicate ACK — swnd empty, just updated wnd_size
After ACK: swnd.cnt=0 send_buf.cnt=5
Thread S: Socket number: 0 Eff window size:5 Sender Win Size:5 ACKed Win Size:10
Thread S: Socket number: 1 Eff window size:5 Sender Win Size:5 ACKed Win Size:10
Thread S: sent DATA for seq 66
Thread S: sent DATA for seq 67
Thread S: sent DATA for seq 68
Thread S: sent DATA for seq 69
Thread S: sent DATA for seq 70
Thread R: received packet on socket 0
Thread R: type = DATA, seq = 66
STORING seq=66 exptd=11 recv_cnt=0
Thread R: stored in recv_buf, cnt = 1

Thread R: Reciever wnd size before update: 10
Thread R: Reciever wnd size after update: 9

The expected SEQ NUM is 11

Thread R: received packet on socket 0
Thread R: type = DATA, seq = 67
STORING seq=67 exptd=11 recv_cnt=1
Thread R: stored in recv_buf, cnt = 2

Thread R: Reciever wnd size before update: 9
Thread R: Reciever wnd size after update: 8

The expected SEQ NUM is 11

Thread R: received packet on socket 0
Thread R: type = DATA, seq = 68
STORING seq=68 exptd=11 recv_cnt=2
Thread R: stored in recv_buf, cnt = 3

Thread R: Reciever wnd size before update: 8
Thread R: Reciever wnd size after update: 7

The expected SEQ NUM is 11

Thread R: received packet on socket 0
Thread R: type = DATA, seq = 69
STORING seq=69 exptd=11 recv_cnt=3
Thread R: stored in recv_buf, cnt = 4

Thread R: Reciever wnd size before update: 7
Thread R: Reciever wnd size after update: 6

The expected SEQ NUM is 11

Thread R: received packet on socket 0
Thread R: type = DATA, seq = 70
STORING seq=70 exptd=11 recv_cnt=4
Thread R: stored in recv_buf, cnt = 5

Thread R: Reciever wnd size before update: 6
Thread R: Reciever wnd size after update: 5

The expected SEQ NUM is 11

Thread S: Socket number: 0 Eff window size:5 Sender Win Size:5 ACKed Win Size:10
Thread S: Socket number: 1 Eff window size:5 Sender Win Size:5 ACKed Win Size:10
Thread S: Socket number: 0 Eff window size:5 Sender Win Size:5 ACKed Win Size:10
Thread S: Socket number: 1 Eff window size:5 Sender Win Size:5 ACKed Win Size:10
Select TIMED OUT
Thread S: Socket number: 0 Eff window size:5 Sender Win Size:5 ACKed Win Size:10
Thread S: Retransmitted from send_buf, cnt = 10
Thread S: Retransmitted from send_buf, cnt = 10
Thread S: Retransmitted from send_buf, cnt = 10
Thread S: Retransmitted from send_buf, cnt = 10
Thread S: Retransmitted from send_buf, cnt = 10
Thread S: Socket number: 1 Eff window size:5 Sender Win Size:5 ACKed Win Size:10
Thread R: received packet on socket 0
Thread R: type = DATA, seq = 66
Thread R: received packet on socket 0
Thread R: type = DATA, seq = 67
Thread R: received packet on socket 1
Thread R: type = ACK, seq = 10
acked window size : 10
After ACK: swnd.cnt=0 send_buf.cnt=5
Thread R: received packet on socket 0
Thread R: type = DATA, seq = 68
Thread R: received packet on socket 1
Thread R: type = ACK, seq = 10
acked window size : 10
Duplicate ACK — swnd empty, just updated wnd_size
After ACK: swnd.cnt=0 send_buf.cnt=5
Thread R: received packet on socket 0
Thread R: type = DATA, seq = 69
Thread R: received packet on socket 1
Thread R: type = ACK, seq = 10
acked window size : 10
Duplicate ACK — swnd empty, just updated wnd_size
After ACK: swnd.cnt=0 send_buf.cnt=5
Thread R: received packet on socket 0
Thread R: type = DATA, seq = 70
STORING seq=70 exptd=11 recv_cnt=0
Thread R: stored in recv_buf, cnt = 1

Thread R: Reciever wnd size before update: 10
Thread R: Reciever wnd size after update: 9

The expected SEQ NUM is 11

Thread R: received packet on socket 1
Thread R: type = ACK, seq = 10
acked window size : 10
Duplicate ACK — swnd empty, just updated wnd_size
After ACK: swnd.cnt=0 send_buf.cnt=5
Thread S: Socket number: 0 Eff window size:5 Sender Win Size:5 ACKed Win Size:10
Thread S: Socket number: 1 Eff window size:5 Sender Win Size:5 ACKed Win Size:10
Thread S: sent DATA for seq 71
Thread S: sent DATA for seq 72
Thread S: sent DATA for seq 73
Thread S: sent DATA for seq 74
Thread S: sent DATA for seq 75
Thread R: received packet on socket 0
Thread R: type = DATA, seq = 71
STORING seq=71 exptd=11 recv_cnt=0
Thread R: stored in recv_buf, cnt = 1

Thread R: Reciever wnd size before update: 10
Thread R: Reciever wnd size after update: 9

The expected SEQ NUM is 11

Thread R: received packet on socket 0
Thread R: type = DATA, seq = 72
STORING seq=72 exptd=11 recv_cnt=1
Thread R: stored in recv_buf, cnt = 2

Thread R: Reciever wnd size before update: 9
Thread R: Reciever wnd size after update: 8

The expected SEQ NUM is 11

Thread R: received packet on socket 0
Thread R: type = DATA, seq = 73
STORING seq=73 exptd=11 recv_cnt=2
Thread R: stored in recv_buf, cnt = 3

Thread R: Reciever wnd size before update: 8
Thread R: Reciever wnd size after update: 7

The expected SEQ NUM is 11

Thread R: received packet on socket 0
Thread R: type = DATA, seq = 74
STORING seq=74 exptd=11 recv_cnt=3
Thread R: stored in recv_buf, cnt = 4

Thread R: Reciever wnd size before update: 7
Thread R: Reciever wnd size after update: 6

The expected SEQ NUM is 11

Thread R: received packet on socket 0
Thread R: type = DATA, seq = 75
STORING seq=75 exptd=11 recv_cnt=4
Thread R: stored in recv_buf, cnt = 5

Thread R: Reciever wnd size before update: 6
Thread R: Reciever wnd size after update: 5

The expected SEQ NUM is 11

Thread S: Socket number: 0 Eff window size:5 Sender Win Size:5 ACKed Win Size:10
Thread S: Socket number: 1 Eff window size:5 Sender Win Size:5 ACKed Win Size:10
Thread S: Socket number: 0 Eff window size:5 Sender Win Size:5 ACKed Win Size:10
Thread S: Socket number: 1 Eff window size:5 Sender Win Size:5 ACKed Win Size:10
Select TIMED OUT
Thread S: Socket number: 0 Eff window size:5 Sender Win Size:5 ACKed Win Size:10
Thread S: Retransmitted from send_buf, cnt = 10
Thread S: Retransmitted from send_buf, cnt = 10
Thread S: Retransmitted from send_buf, cnt = 10
Thread S: Retransmitted from send_buf, cnt = 10
Thread S: Retransmitted from send_buf, cnt = 10
Thread S: Socket number: 1 Eff window size:5 Sender Win Size:5 ACKed Win Size:10
Thread R: received packet on socket 0
Thread R: type = DATA, seq = 71
Thread R: received packet on socket 0
Thread R: type = DATA, seq = 72
Thread R: packet dropped!
Thread R: received packet on socket 1
Thread R: type = ACK, seq = 10
acked window size : 10
After ACK: swnd.cnt=0 send_buf.cnt=5
Thread R: received packet on socket 0
Thread R: type = DATA, seq = 73
Thread R: received packet on socket 0
Thread R: type = DATA, seq = 74
Thread R: received packet on socket 1
Thread R: type = ACK, seq = 10
acked window size : 10
Duplicate ACK — swnd empty, just updated wnd_size
After ACK: swnd.cnt=0 send_buf.cnt=5
Thread R: received packet on socket 0
Thread R: type = DATA, seq = 75
STORING seq=75 exptd=11 recv_cnt=0
Thread R: stored in recv_buf, cnt = 1

Thread R: Reciever wnd size before update: 10
Thread R: Reciever wnd size after update: 9

The expected SEQ NUM is 11

Thread R: received packet on socket 1
Thread R: type = ACK, seq = 10
acked window size : 10
Duplicate ACK — swnd empty, just updated wnd_size
After ACK: swnd.cnt=0 send_buf.cnt=5
Thread S: Socket number: 0 Eff window size:5 Sender Win Size:5 ACKed Win Size:10
Thread S: Socket number: 1 Eff window size:5 Sender Win Size:5 ACKed Win Size:10
Thread S: sent DATA for seq 76
Thread S: sent DATA for seq 77
Thread S: sent DATA for seq 78
Thread S: sent DATA for seq 79
Thread S: sent DATA for seq 80
Thread R: received packet on socket 0
Thread R: type = DATA, seq = 76
STORING seq=76 exptd=11 recv_cnt=0
Thread R: stored in recv_buf, cnt = 1

Thread R: Reciever wnd size before update: 10
Thread R: Reciever wnd size after update: 9

The expected SEQ NUM is 11

Thread R: received packet on socket 0
Thread R: type = DATA, seq = 77
STORING seq=77 exptd=11 recv_cnt=1
Thread R: stored in recv_buf, cnt = 2

Thread R: Reciever wnd size before update: 9
Thread R: Reciever wnd size after update: 8

The expected SEQ NUM is 11

Thread R: received packet on socket 0
Thread R: type = DATA, seq = 78
STORING seq=78 exptd=11 recv_cnt=2
Thread R: stored in recv_buf, cnt = 3

Thread R: Reciever wnd size before update: 8
Thread R: Reciever wnd size after update: 7

The expected SEQ NUM is 11

Thread R: received packet on socket 0
Thread R: type = DATA, seq = 79
STORING seq=79 exptd=11 recv_cnt=3
Thread R: stored in recv_buf, cnt = 4

Thread R: Reciever wnd size before update: 7
Thread R: Reciever wnd size after update: 6

The expected SEQ NUM is 11

Thread R: received packet on socket 0
Thread R: type = DATA, seq = 80
STORING seq=80 exptd=11 recv_cnt=4
Thread R: stored in recv_buf, cnt = 5

Thread R: Reciever wnd size before update: 6
Thread R: Reciever wnd size after update: 5

The expected SEQ NUM is 11

Thread S: Socket number: 0 Eff window size:5 Sender Win Size:5 ACKed Win Size:10
Thread S: Socket number: 1 Eff window size:5 Sender Win Size:5 ACKed Win Size:10
Thread S: Socket number: 0 Eff window size:5 Sender Win Size:5 ACKed Win Size:10
Thread S: Socket number: 1 Eff window size:5 Sender Win Size:5 ACKed Win Size:10
Select TIMED OUT
Thread S: Socket number: 0 Eff window size:5 Sender Win Size:5 ACKed Win Size:10
Thread S: Retransmitted from send_buf, cnt = 10
Thread S: Retransmitted from send_buf, cnt = 10
Thread S: Retransmitted from send_buf, cnt = 10
Thread S: Retransmitted from send_buf, cnt = 10
Thread S: Retransmitted from send_buf, cnt = 10
Thread S: Socket number: 1 Eff window size:5 Sender Win Size:5 ACKed Win Size:10
Thread R: received packet on socket 0
Thread R: type = DATA, seq = 76
Thread R: received packet on socket 0
Thread R: type = DATA, seq = 77
Thread R: received packet on socket 1
Thread R: type = ACK, seq = 10
acked window size : 10
After ACK: swnd.cnt=0 send_buf.cnt=5
Thread R: received packet on socket 0
Thread R: type = DATA, seq = 78
Thread R: received packet on socket 1
Thread R: type = ACK, seq = 10
acked window size : 10
Duplicate ACK — swnd empty, just updated wnd_size
After ACK: swnd.cnt=0 send_buf.cnt=5
Thread R: received packet on socket 0
Thread R: type = DATA, seq = 79
Thread R: received packet on socket 1
Thread R: type = ACK, seq = 10
acked window size : 10
Duplicate ACK — swnd empty, just updated wnd_size
After ACK: swnd.cnt=0 send_buf.cnt=5
Thread R: received packet on socket 0
Thread R: type = DATA, seq = 80
STORING seq=80 exptd=11 recv_cnt=0
Thread R: stored in recv_buf, cnt = 1

Thread R: Reciever wnd size before update: 10
Thread R: Reciever wnd size after update: 9

The expected SEQ NUM is 11

Thread R: received packet on socket 1
Thread R: type = ACK, seq = 10
acked window size : 10
Duplicate ACK — swnd empty, just updated wnd_size
After ACK: swnd.cnt=0 send_buf.cnt=5
Thread S: Socket number: 0 Eff window size:5 Sender Win Size:5 ACKed Win Size:10
Thread S: Socket number: 1 Eff window size:5 Sender Win Size:5 ACKed Win Size:10
Thread S: sent DATA for seq 81
Thread S: sent DATA for seq 82
Thread S: sent DATA for seq 83
Thread S: sent DATA for seq 84
Thread S: sent DATA for seq 85
Thread R: received packet on socket 0
Thread R: type = DATA, seq = 81
STORING seq=81 exptd=11 recv_cnt=0
Thread R: stored in recv_buf, cnt = 1

Thread R: Reciever wnd size before update: 10
Thread R: Reciever wnd size after update: 9

The expected SEQ NUM is 11

Thread R: received packet on socket 0
Thread R: type = DATA, seq = 82
STORING seq=82 exptd=11 recv_cnt=1
Thread R: stored in recv_buf, cnt = 2

Thread R: Reciever wnd size before update: 9
Thread R: Reciever wnd size after update: 8

The expected SEQ NUM is 11

Thread R: received packet on socket 0
Thread R: type = DATA, seq = 83
STORING seq=83 exptd=11 recv_cnt=2
Thread R: stored in recv_buf, cnt = 3

Thread R: Reciever wnd size before update: 8
Thread R: Reciever wnd size after update: 7

The expected SEQ NUM is 11

Thread R: received packet on socket 0
Thread R: type = DATA, seq = 84
STORING seq=84 exptd=11 recv_cnt=3
Thread R: stored in recv_buf, cnt = 4

Thread R: Reciever wnd size before update: 7
Thread R: Reciever wnd size after update: 6

The expected SEQ NUM is 11

Thread R: received packet on socket 0
Thread R: type = DATA, seq = 85
STORING seq=85 exptd=11 recv_cnt=4
Thread R: stored in recv_buf, cnt = 5

Thread R: Reciever wnd size before update: 6
Thread R: Reciever wnd size after update: 5

The expected SEQ NUM is 11

Thread S: Socket number: 0 Eff window size:5 Sender Win Size:5 ACKed Win Size:10
Thread S: Socket number: 1 Eff window size:5 Sender Win Size:5 ACKed Win Size:10
Thread S: Socket number: 0 Eff window size:5 Sender Win Size:5 ACKed Win Size:10
Thread S: Socket number: 1 Eff window size:5 Sender Win Size:5 ACKed Win Size:10
Select TIMED OUT
Thread S: Socket number: 0 Eff window size:5 Sender Win Size:5 ACKed Win Size:10
Thread S: Retransmitted from send_buf, cnt = 10
Thread S: Retransmitted from send_buf, cnt = 10
Thread S: Retransmitted from send_buf, cnt = 10
Thread S: Retransmitted from send_buf, cnt = 10
Thread S: Retransmitted from send_buf, cnt = 10
Thread S: Socket number: 1 Eff window size:5 Sender Win Size:5 ACKed Win Size:10
Thread R: received packet on socket 0
Thread R: type = DATA, seq = 81
Thread R: received packet on socket 0
Thread R: type = DATA, seq = 82
Thread R: received packet on socket 1
Thread R: type = ACK, seq = 10
acked window size : 10
After ACK: swnd.cnt=0 send_buf.cnt=5
Thread R: received packet on socket 0
Thread R: type = DATA, seq = 83
Thread R: received packet on socket 1
Thread R: type = ACK, seq = 10
acked window size : 10
Duplicate ACK — swnd empty, just updated wnd_size
After ACK: swnd.cnt=0 send_buf.cnt=5
Thread R: received packet on socket 0
Thread R: type = DATA, seq = 84
Thread R: received packet on socket 1
Thread R: type = ACK, seq = 10
acked window size : 10
Duplicate ACK — swnd empty, just updated wnd_size
After ACK: swnd.cnt=0 send_buf.cnt=5
Thread R: received packet on socket 0
Thread R: type = DATA, seq = 85
STORING seq=85 exptd=11 recv_cnt=0
Thread R: stored in recv_buf, cnt = 1

Thread R: Reciever wnd size before update: 10
Thread R: Reciever wnd size after update: 9

The expected SEQ NUM is 11

Thread R: received packet on socket 1
Thread R: type = ACK, seq = 10
acked window size : 10
Duplicate ACK — swnd empty, just updated wnd_size
After ACK: swnd.cnt=0 send_buf.cnt=5
Thread S: Socket number: 0 Eff window size:5 Sender Win Size:5 ACKed Win Size:10
Thread S: Socket number: 1 Eff window size:5 Sender Win Size:5 ACKed Win Size:10
Thread S: sent DATA for seq 86
Thread S: sent DATA for seq 87
Thread S: sent DATA for seq 88
Thread S: sent DATA for seq 89
Thread S: sent DATA for seq 90
Thread R: received packet on socket 0
Thread R: type = DATA, seq = 86
STORING seq=86 exptd=11 recv_cnt=0
Thread R: stored in recv_buf, cnt = 1

Thread R: Reciever wnd size before update: 10
Thread R: Reciever wnd size after update: 9

The expected SEQ NUM is 11

Thread R: received packet on socket 0
Thread R: type = DATA, seq = 87
STORING seq=87 exptd=11 recv_cnt=1
Thread R: stored in recv_buf, cnt = 2

Thread R: Reciever wnd size before update: 9
Thread R: Reciever wnd size after update: 8

The expected SEQ NUM is 11

Thread R: received packet on socket 0
Thread R: type = DATA, seq = 88
STORING seq=88 exptd=11 recv_cnt=2
Thread R: stored in recv_buf, cnt = 3

Thread R: Reciever wnd size before update: 8
Thread R: Reciever wnd size after update: 7

The expected SEQ NUM is 11

Thread R: received packet on socket 0
Thread R: type = DATA, seq = 89
STORING seq=89 exptd=11 recv_cnt=3
Thread R: stored in recv_buf, cnt = 4

Thread R: Reciever wnd size before update: 7
Thread R: Reciever wnd size after update: 6

The expected SEQ NUM is 11

Thread R: received packet on socket 0
Thread R: type = DATA, seq = 90
STORING seq=90 exptd=11 recv_cnt=4
Thread R: stored in recv_buf, cnt = 5

Thread R: Reciever wnd size before update: 6
Thread R: Reciever wnd size after update: 5

The expected SEQ NUM is 11

Thread S: Socket number: 0 Eff window size:5 Sender Win Size:5 ACKed Win Size:10
Thread S: Socket number: 1 Eff window size:5 Sender Win Size:5 ACKed Win Size:10
Thread S: Socket number: 0 Eff window size:5 Sender Win Size:5 ACKed Win Size:10
Thread S: Socket number: 1 Eff window size:5 Sender Win Size:5 ACKed Win Size:10
Select TIMED OUT
Thread S: Socket number: 0 Eff window size:5 Sender Win Size:5 ACKed Win Size:10
Thread S: Retransmitted from send_buf, cnt = 10
Thread S: Retransmitted from send_buf, cnt = 10
Thread S: Retransmitted from send_buf, cnt = 10
Thread S: Retransmitted from send_buf, cnt = 10
Thread S: Retransmitted from send_buf, cnt = 10
Thread S: Socket number: 1 Eff window size:5 Sender Win Size:5 ACKed Win Size:10
Thread R: received packet on socket 0
Thread R: type = DATA, seq = 86
Thread R: received packet on socket 0
Thread R: type = DATA, seq = 87
Thread R: packet dropped!
Thread R: received packet on socket 1
Thread R: type = ACK, seq = 10
acked window size : 10
After ACK: swnd.cnt=0 send_buf.cnt=5
Thread R: received packet on socket 0
Thread R: type = DATA, seq = 88
Thread R: received packet on socket 0
Thread R: type = DATA, seq = 89
Thread R: received packet on socket 1
Thread R: type = ACK, seq = 10
acked window size : 10
Duplicate ACK — swnd empty, just updated wnd_size
After ACK: swnd.cnt=0 send_buf.cnt=5
Thread R: received packet on socket 0
Thread R: type = DATA, seq = 90
STORING seq=90 exptd=11 recv_cnt=0
Thread R: stored in recv_buf, cnt = 1

Thread R: Reciever wnd size before update: 10
Thread R: Reciever wnd size after update: 9

The expected SEQ NUM is 11

Thread R: received packet on socket 1
Thread R: type = ACK, seq = 10
acked window size : 10
Duplicate ACK — swnd empty, just updated wnd_size
After ACK: swnd.cnt=0 send_buf.cnt=5
Thread S: Socket number: 0 Eff window size:5 Sender Win Size:5 ACKed Win Size:10
Thread S: Socket number: 1 Eff window size:5 Sender Win Size:5 ACKed Win Size:10
Thread S: sent DATA for seq 91
Thread S: sent DATA for seq 92
Thread S: sent DATA for seq 93
Thread S: sent DATA for seq 94
Thread S: sent DATA for seq 95
Thread R: received packet on socket 0
Thread R: type = DATA, seq = 91
STORING seq=91 exptd=11 recv_cnt=0
Thread R: stored in recv_buf, cnt = 1

Thread R: Reciever wnd size before update: 10
Thread R: Reciever wnd size after update: 9

The expected SEQ NUM is 11

Thread R: received packet on socket 0
Thread R: type = DATA, seq = 92
STORING seq=92 exptd=11 recv_cnt=1
Thread R: stored in recv_buf, cnt = 2

Thread R: Reciever wnd size before update: 9
Thread R: Reciever wnd size after update: 8

The expected SEQ NUM is 11

Thread R: received packet on socket 0
Thread R: type = DATA, seq = 93
STORING seq=93 exptd=11 recv_cnt=2
Thread R: stored in recv_buf, cnt = 3

Thread R: Reciever wnd size before update: 8
Thread R: Reciever wnd size after update: 7

The expected SEQ NUM is 11

Thread R: received packet on socket 0
Thread R: type = DATA, seq = 94
STORING seq=94 exptd=11 recv_cnt=3
Thread R: stored in recv_buf, cnt = 4

Thread R: Reciever wnd size before update: 7
Thread R: Reciever wnd size after update: 6

The expected SEQ NUM is 11

Thread R: received packet on socket 0
Thread R: type = DATA, seq = 95
STORING seq=95 exptd=11 recv_cnt=4
Thread R: stored in recv_buf, cnt = 5

Thread R: Reciever wnd size before update: 6
Thread R: Reciever wnd size after update: 5

The expected SEQ NUM is 11

Thread S: Socket number: 0 Eff window size:5 Sender Win Size:5 ACKed Win Size:10
Thread S: Socket number: 1 Eff window size:5 Sender Win Size:5 ACKed Win Size:10
Thread S: Socket number: 0 Eff window size:5 Sender Win Size:5 ACKed Win Size:10
Thread S: Socket number: 1 Eff window size:5 Sender Win Size:5 ACKed Win Size:10
Select TIMED OUT
Thread S: Socket number: 0 Eff window size:5 Sender Win Size:5 ACKed Win Size:10
Thread S: Retransmitted from send_buf, cnt = 10
Thread S: Retransmitted from send_buf, cnt = 10
Thread S: Retransmitted from send_buf, cnt = 10
Thread S: Retransmitted from send_buf, cnt = 10
Thread S: Retransmitted from send_buf, cnt = 10
Thread S: Socket number: 1 Eff window size:5 Sender Win Size:5 ACKed Win Size:10
Thread R: received packet on socket 0
Thread R: type = DATA, seq = 91
Thread R: packet dropped!
Thread R: received packet on socket 0
Thread R: type = DATA, seq = 92
Thread R: received packet on socket 0
Thread R: type = DATA, seq = 93
Thread R: received packet on socket 1
Thread R: type = ACK, seq = 10
acked window size : 10
After ACK: swnd.cnt=0 send_buf.cnt=5
Thread R: received packet on socket 0
Thread R: type = DATA, seq = 94
Thread R: received packet on socket 1
Thread R: type = ACK, seq = 10
acked window size : 10
Duplicate ACK — swnd empty, just updated wnd_size
After ACK: swnd.cnt=0 send_buf.cnt=5
Thread R: received packet on socket 0
Thread R: type = DATA, seq = 95
STORING seq=95 exptd=11 recv_cnt=0
Thread R: stored in recv_buf, cnt = 1

Thread R: Reciever wnd size before update: 10
Thread R: Reciever wnd size after update: 9

The expected SEQ NUM is 11

Thread R: received packet on socket 1
Thread R: type = ACK, seq = 10
acked window size : 10
Duplicate ACK — swnd empty, just updated wnd_size
After ACK: swnd.cnt=0 send_buf.cnt=5
Thread S: Socket number: 0 Eff window size:5 Sender Win Size:5 ACKed Win Size:10
Thread S: Socket number: 1 Eff window size:5 Sender Win Size:5 ACKed Win Size:10
Thread S: sent DATA for seq 96
Thread S: sent DATA for seq 97
Thread S: sent DATA for seq 98
Thread S: sent DATA for seq 99
Thread S: sent DATA for seq 100
Thread R: received packet on socket 0
Thread R: type = DATA, seq = 96
STORING seq=96 exptd=11 recv_cnt=0
Thread R: stored in recv_buf, cnt = 1

Thread R: Reciever wnd size before update: 10
Thread R: Reciever wnd size after update: 9

The expected SEQ NUM is 11

Thread R: received packet on socket 0
Thread R: type = DATA, seq = 97
STORING seq=97 exptd=11 recv_cnt=1
Thread R: stored in recv_buf, cnt = 2

Thread R: Reciever wnd size before update: 9
Thread R: Reciever wnd size after update: 8

The expected SEQ NUM is 11

Thread R: received packet on socket 0
Thread R: type = DATA, seq = 98
STORING seq=98 exptd=11 recv_cnt=2
Thread R: stored in recv_buf, cnt = 3

Thread R: Reciever wnd size before update: 8
Thread R: Reciever wnd size after update: 7

The expected SEQ NUM is 11

Thread R: received packet on socket 0
Thread R: type = DATA, seq = 99
STORING seq=99 exptd=11 recv_cnt=3
Thread R: stored in recv_buf, cnt = 4

Thread R: Reciever wnd size before update: 7
Thread R: Reciever wnd size after update: 6

The expected SEQ NUM is 11

Thread R: received packet on socket 0
Thread R: type = DATA, seq = 100
STORING seq=100 exptd=11 recv_cnt=4
Thread R: stored in recv_buf, cnt = 5

Thread R: Reciever wnd size before update: 6
Thread R: Reciever wnd size after update: 5

The expected SEQ NUM is 11

Thread S: Socket number: 0 Eff window size:5 Sender Win Size:5 ACKed Win Size:10
Thread S: Socket number: 1 Eff window size:5 Sender Win Size:5 ACKed Win Size:10
Thread S: Socket number: 0 Eff window size:5 Sender Win Size:5 ACKed Win Size:10
Thread S: Socket number: 1 Eff window size:5 Sender Win Size:5 ACKed Win Size:10
Select TIMED OUT
Thread S: Socket number: 0 Eff window size:5 Sender Win Size:5 ACKed Win Size:10
Thread S: Retransmitted from send_buf, cnt = 10
Thread S: Retransmitted from send_buf, cnt = 10
Thread S: Retransmitted from send_buf, cnt = 10
Thread S: Retransmitted from send_buf, cnt = 10
Thread S: Retransmitted from send_buf, cnt = 10
Thread S: Socket number: 1 Eff window size:5 Sender Win Size:5 ACKed Win Size:10
Thread R: received packet on socket 0
Thread R: type = DATA, seq = 96
Thread R: received packet on socket 0
Thread R: type = DATA, seq = 97
Thread R: received packet on socket 1
Thread R: type = ACK, seq = 10
acked window size : 10
After ACK: swnd.cnt=0 send_buf.cnt=5
Thread R: received packet on socket 0
Thread R: type = DATA, seq = 98
Thread R: received packet on socket 1
Thread R: type = ACK, seq = 10
acked window size : 10
Duplicate ACK — swnd empty, just updated wnd_size
After ACK: swnd.cnt=0 send_buf.cnt=5
Thread R: received packet on socket 0
Thread R: type = DATA, seq = 99
Thread R: received packet on socket 1
Thread R: type = ACK, seq = 10
acked window size : 10
Duplicate ACK — swnd empty, just updated wnd_size
After ACK: swnd.cnt=0 send_buf.cnt=5
Thread R: received packet on socket 0
Thread R: type = DATA, seq = 100
STORING seq=100 exptd=11 recv_cnt=0
Thread R: stored in recv_buf, cnt = 1

Thread R: Reciever wnd size before update: 10
Thread R: Reciever wnd size after update: 9

The expected SEQ NUM is 11

Thread R: received packet on socket 1
Thread R: type = ACK, seq = 10
acked window size : 10
Duplicate ACK — swnd empty, just updated wnd_size
After ACK: swnd.cnt=0 send_buf.cnt=5
Thread S: Socket number: 0 Eff window size:5 Sender Win Size:5 ACKed Win Size:10
Thread S: Socket number: 1 Eff window size:5 Sender Win Size:5 ACKed Win Size:10
Thread S: sent DATA for seq 101
Thread S: sent DATA for seq 102
Thread S: sent DATA for seq 103
Thread S: sent DATA for seq 104
Thread S: sent DATA for seq 105
Thread R: received packet on socket 0
Thread R: type = DATA, seq = 101
STORING seq=101 exptd=11 recv_cnt=0
Thread R: stored in recv_buf, cnt = 1

Thread R: Reciever wnd size before update: 10
Thread R: Reciever wnd size after update: 9

The expected SEQ NUM is 11

Thread R: received packet on socket 0
Thread R: type = DATA, seq = 102
STORING seq=102 exptd=11 recv_cnt=1
Thread R: stored in recv_buf, cnt = 2

Thread R: Reciever wnd size before update: 9
Thread R: Reciever wnd size after update: 8

The expected SEQ NUM is 11

Thread R: received packet on socket 0
Thread R: type = DATA, seq = 103
STORING seq=103 exptd=11 recv_cnt=2
Thread R: stored in recv_buf, cnt = 3

Thread R: Reciever wnd size before update: 8
Thread R: Reciever wnd size after update: 7

The expected SEQ NUM is 11

Thread R: received packet on socket 0
Thread R: type = DATA, seq = 104
STORING seq=104 exptd=11 recv_cnt=3
Thread R: stored in recv_buf, cnt = 4

Thread R: Reciever wnd size before update: 7
Thread R: Reciever wnd size after update: 6

The expected SEQ NUM is 11

Thread R: received packet on socket 0
Thread R: type = DATA, seq = 105
STORING seq=105 exptd=11 recv_cnt=4
Thread R: stored in recv_buf, cnt = 5

Thread R: Reciever wnd size before update: 6
Thread R: Reciever wnd size after update: 5

The expected SEQ NUM is 11

Thread S: Socket number: 0 Eff window size:5 Sender Win Size:5 ACKed Win Size:10
Thread S: Socket number: 1 Eff window size:5 Sender Win Size:5 ACKed Win Size:10
Thread S: Socket number: 0 Eff window size:5 Sender Win Size:5 ACKed Win Size:10
Thread S: Socket number: 1 Eff window size:5 Sender Win Size:5 ACKed Win Size:10
Select TIMED OUT
Thread S: Socket number: 0 Eff window size:5 Sender Win Size:5 ACKed Win Size:10
Thread S: Retransmitted from send_buf, cnt = 10
Thread S: Retransmitted from send_buf, cnt = 10
Thread S: Retransmitted from send_buf, cnt = 10
Thread S: Retransmitted from send_buf, cnt = 10
Thread S: Retransmitted from send_buf, cnt = 10
Thread S: Socket number: 1 Eff window size:5 Sender Win Size:5 ACKed Win Size:10
Thread R: received packet on socket 0
Thread R: type = DATA, seq = 101
Thread R: received packet on socket 0
Thread R: type = DATA, seq = 102
Thread R: received packet on socket 1
Thread R: type = ACK, seq = 10
acked window size : 10
After ACK: swnd.cnt=0 send_buf.cnt=5
Thread R: received packet on socket 0
Thread R: type = DATA, seq = 103
Thread R: received packet on socket 1
Thread R: type = ACK, seq = 10
acked window size : 10
Duplicate ACK — swnd empty, just updated wnd_size
After ACK: swnd.cnt=0 send_buf.cnt=5
Thread R: received packet on socket 0
Thread R: type = DATA, seq = 104
Thread R: received packet on socket 1
Thread R: type = ACK, seq = 10
acked window size : 10
Duplicate ACK — swnd empty, just updated wnd_size
After ACK: swnd.cnt=0 send_buf.cnt=5
Thread R: received packet on socket 0
Thread R: type = DATA, seq = 105
Thread R: packet dropped!
Thread R: received packet on socket 1
Thread R: type = ACK, seq = 10
acked window size : 10
Duplicate ACK — swnd empty, just updated wnd_size
After ACK: swnd.cnt=0 send_buf.cnt=5
Thread S: Socket number: 0 Eff window size:5 Sender Win Size:5 ACKed Win Size:10
Thread S: Socket number: 1 Eff window size:5 Sender Win Size:5 ACKed Win Size:10
Thread S: sent DATA for seq 106
Thread S: sent DATA for seq 107
Thread S: sent DATA for seq 108
Thread S: sent DATA for seq 109
Thread S: sent DATA for seq 110
Thread R: received packet on socket 0
Thread R: type = DATA, seq = 106
STORING seq=106 exptd=11 recv_cnt=0
Thread R: stored in recv_buf, cnt = 1

Thread R: Reciever wnd size before update: 10
Thread R: Reciever wnd size after update: 9

The expected SEQ NUM is 11

Thread R: received packet on socket 0
Thread R: type = DATA, seq = 107
STORING seq=107 exptd=11 recv_cnt=1
Thread R: stored in recv_buf, cnt = 2

Thread R: Reciever wnd size before update: 9
Thread R: Reciever wnd size after update: 8

The expected SEQ NUM is 11

Thread R: received packet on socket 0
Thread R: type = DATA, seq = 108
STORING seq=108 exptd=11 recv_cnt=2
Thread R: stored in recv_buf, cnt = 3

Thread R: Reciever wnd size before update: 8
Thread R: Reciever wnd size after update: 7

The expected SEQ NUM is 11

Thread R: received packet on socket 0
Thread R: type = DATA, seq = 109
STORING seq=109 exptd=11 recv_cnt=3
Thread R: stored in recv_buf, cnt = 4

Thread R: Reciever wnd size before update: 7
Thread R: Reciever wnd size after update: 6

The expected SEQ NUM is 11

Thread R: received packet on socket 0
Thread R: type = DATA, seq = 110
STORING seq=110 exptd=11 recv_cnt=4
Thread R: stored in recv_buf, cnt = 5

Thread R: Reciever wnd size before update: 6
Thread R: Reciever wnd size after update: 5

The expected SEQ NUM is 11

Thread S: Socket number: 0 Eff window size:5 Sender Win Size:5 ACKed Win Size:10
Thread S: Socket number: 1 Eff window size:5 Sender Win Size:5 ACKed Win Size:10
Thread S: Socket number: 0 Eff window size:5 Sender Win Size:5 ACKed Win Size:10
Thread S: Socket number: 1 Eff window size:5 Sender Win Size:5 ACKed Win Size:10
Select TIMED OUT
Thread S: Socket number: 0 Eff window size:5 Sender Win Size:5 ACKed Win Size:10
Thread S: Retransmitted from send_buf, cnt = 10
Thread S: Retransmitted from send_buf, cnt = 10
Thread S: Retransmitted from send_buf, cnt = 10
Thread S: Retransmitted from send_buf, cnt = 10
Thread S: Retransmitted from send_buf, cnt = 10
Thread S: Socket number: 1 Eff window size:5 Sender Win Size:5 ACKed Win Size:10
Thread R: received packet on socket 0
Thread R: type = DATA, seq = 106
Thread R: received packet on socket 0
Thread R: type = DATA, seq = 107
Thread R: received packet on socket 1
Thread R: type = ACK, seq = 10
acked window size : 10
After ACK: swnd.cnt=0 send_buf.cnt=5
Thread R: received packet on socket 0
Thread R: type = DATA, seq = 108
Thread R: received packet on socket 1
Thread R: type = ACK, seq = 10
acked window size : 10
Duplicate ACK — swnd empty, just updated wnd_size
After ACK: swnd.cnt=0 send_buf.cnt=5
Thread R: received packet on socket 0
Thread R: type = DATA, seq = 109
Thread R: received packet on socket 1
Thread R: type = ACK, seq = 10
acked window size : 10
Duplicate ACK — swnd empty, just updated wnd_size
After ACK: swnd.cnt=0 send_buf.cnt=5
Thread R: received packet on socket 0
Thread R: type = DATA, seq = 110
STORING seq=110 exptd=11 recv_cnt=0
Thread R: stored in recv_buf, cnt = 1

Thread R: Reciever wnd size before update: 10
Thread R: Reciever wnd size after update: 9

The expected SEQ NUM is 11

Thread R: received packet on socket 1
Thread R: type = ACK, seq = 10
acked window size : 10
Duplicate ACK — swnd empty, just updated wnd_size
After ACK: swnd.cnt=0 send_buf.cnt=5
Thread S: Socket number: 0 Eff window size:5 Sender Win Size:5 ACKed Win Size:10
Thread S: Socket number: 1 Eff window size:5 Sender Win Size:5 ACKed Win Size:10
Thread S: sent DATA for seq 111
Thread S: sent DATA for seq 112
Thread S: sent DATA for seq 113
Thread S: sent DATA for seq 114
Thread S: sent DATA for seq 115
Thread R: received packet on socket 0
Thread R: type = DATA, seq = 111
STORING seq=111 exptd=11 recv_cnt=0
Thread R: stored in recv_buf, cnt = 1

Thread R: Reciever wnd size before update: 10
Thread R: Reciever wnd size after update: 9

The expected SEQ NUM is 11

Thread R: received packet on socket 0
Thread R: type = DATA, seq = 112
STORING seq=112 exptd=11 recv_cnt=1
Thread R: stored in recv_buf, cnt = 2

Thread R: Reciever wnd size before update: 9
Thread R: Reciever wnd size after update: 8

The expected SEQ NUM is 11

Thread R: received packet on socket 0
Thread R: type = DATA, seq = 113
STORING seq=113 exptd=11 recv_cnt=2
Thread R: stored in recv_buf, cnt = 3

Thread R: Reciever wnd size before update: 8
Thread R: Reciever wnd size after update: 7

The expected SEQ NUM is 11

Thread R: received packet on socket 0
Thread R: type = DATA, seq = 114
STORING seq=114 exptd=11 recv_cnt=3
Thread R: stored in recv_buf, cnt = 4

Thread R: Reciever wnd size before update: 7
Thread R: Reciever wnd size after update: 6

The expected SEQ NUM is 11

Thread R: received packet on socket 0
Thread R: type = DATA, seq = 115
STORING seq=115 exptd=11 recv_cnt=4
Thread R: stored in recv_buf, cnt = 5

Thread R: Reciever wnd size before update: 6
Thread R: Reciever wnd size after update: 5

The expected SEQ NUM is 11

Thread S: Socket number: 0 Eff window size:5 Sender Win Size:5 ACKed Win Size:10
Thread S: Socket number: 1 Eff window size:5 Sender Win Size:5 ACKed Win Size:10
Thread S: Socket number: 0 Eff window size:5 Sender Win Size:5 ACKed Win Size:10
Thread S: Socket number: 1 Eff window size:5 Sender Win Size:5 ACKed Win Size:10
Select TIMED OUT
Thread S: Socket number: 0 Eff window size:5 Sender Win Size:5 ACKed Win Size:10
Thread S: Retransmitted from send_buf, cnt = 10
Thread S: Retransmitted from send_buf, cnt = 10
Thread S: Retransmitted from send_buf, cnt = 10
Thread S: Retransmitted from send_buf, cnt = 10
Thread S: Retransmitted from send_buf, cnt = 10
Thread S: Socket number: 1 Eff window size:5 Sender Win Size:5 ACKed Win Size:10
Thread R: received packet on socket 0
Thread R: type = DATA, seq = 111
Thread R: received packet on socket 0
Thread R: type = DATA, seq = 112
Thread R: received packet on socket 1
Thread R: type = ACK, seq = 10
acked window size : 10
After ACK: swnd.cnt=0 send_buf.cnt=5
Thread R: received packet on socket 0
Thread R: type = DATA, seq = 113
Thread R: received packet on socket 1
Thread R: type = ACK, seq = 10
acked window size : 10
Duplicate ACK — swnd empty, just updated wnd_size
After ACK: swnd.cnt=0 send_buf.cnt=5
Thread R: received packet on socket 0
Thread R: type = DATA, seq = 114
Thread R: received packet on socket 1
Thread R: type = ACK, seq = 10
acked window size : 10
Duplicate ACK — swnd empty, just updated wnd_size
After ACK: swnd.cnt=0 send_buf.cnt=5
Thread R: received packet on socket 0
Thread R: type = DATA, seq = 115
STORING seq=115 exptd=11 recv_cnt=0
Thread R: stored in recv_buf, cnt = 1

Thread R: Reciever wnd size before update: 10
Thread R: Reciever wnd size after update: 9

The expected SEQ NUM is 11

Thread R: received packet on socket 1
Thread R: type = ACK, seq = 10
acked window size : 10
Duplicate ACK — swnd empty, just updated wnd_size
After ACK: swnd.cnt=0 send_buf.cnt=5
Thread S: Socket number: 0 Eff window size:5 Sender Win Size:5 ACKed Win Size:10
Thread S: Socket number: 1 Eff window size:5 Sender Win Size:5 ACKed Win Size:10
Thread S: sent DATA for seq 116
Thread S: sent DATA for seq 117
Thread S: sent DATA for seq 118
Thread S: sent DATA for seq 119
Thread S: sent DATA for seq 120
Thread R: received packet on socket 0
Thread R: type = DATA, seq = 116
STORING seq=116 exptd=11 recv_cnt=0
Thread R: stored in recv_buf, cnt = 1

Thread R: Reciever wnd size before update: 10
Thread R: Reciever wnd size after update: 9

The expected SEQ NUM is 11

Thread R: received packet on socket 0
Thread R: type = DATA, seq = 117
STORING seq=117 exptd=11 recv_cnt=1
Thread R: stored in recv_buf, cnt = 2

Thread R: Reciever wnd size before update: 9
Thread R: Reciever wnd size after update: 8

The expected SEQ NUM is 11

Thread R: received packet on socket 0
Thread R: type = DATA, seq = 118
STORING seq=118 exptd=11 recv_cnt=2
Thread R: stored in recv_buf, cnt = 3

Thread R: Reciever wnd size before update: 8
Thread R: Reciever wnd size after update: 7

The expected SEQ NUM is 11

Thread R: received packet on socket 0
Thread R: type = DATA, seq = 119
STORING seq=119 exptd=11 recv_cnt=3
Thread R: stored in recv_buf, cnt = 4

Thread R: Reciever wnd size before update: 7
Thread R: Reciever wnd size after update: 6

The expected SEQ NUM is 11

Thread R: received packet on socket 0
Thread R: type = DATA, seq = 120
STORING seq=120 exptd=11 recv_cnt=4
Thread R: stored in recv_buf, cnt = 5

Thread R: Reciever wnd size before update: 6
Thread R: Reciever wnd size after update: 5

The expected SEQ NUM is 11

Thread S: Socket number: 0 Eff window size:5 Sender Win Size:5 ACKed Win Size:10
Thread S: Socket number: 1 Eff window size:5 Sender Win Size:5 ACKed Win Size:10
Thread S: Socket number: 0 Eff window size:5 Sender Win Size:5 ACKed Win Size:10
Thread S: Socket number: 1 Eff window size:5 Sender Win Size:5 ACKed Win Size:10
Select TIMED OUT
Thread S: Socket number: 0 Eff window size:5 Sender Win Size:5 ACKed Win Size:10
Thread S: Retransmitted from send_buf, cnt = 10
Thread S: Retransmitted from send_buf, cnt = 10
Thread S: Retransmitted from send_buf, cnt = 10
Thread S: Retransmitted from send_buf, cnt = 10
Thread S: Retransmitted from send_buf, cnt = 10
Thread S: Socket number: 1 Eff window size:5 Sender Win Size:5 ACKed Win Size:10
Thread R: received packet on socket 0
Thread R: type = DATA, seq = 116
Thread R: received packet on socket 0
Thread R: type = DATA, seq = 117
Thread R: received packet on socket 1
Thread R: type = ACK, seq = 10
acked window size : 10
After ACK: swnd.cnt=0 send_buf.cnt=5
Thread R: received packet on socket 0
Thread R: type = DATA, seq = 118
Thread R: received packet on socket 1
Thread R: type = ACK, seq = 10
acked window size : 10
Duplicate ACK — swnd empty, just updated wnd_size
After ACK: swnd.cnt=0 send_buf.cnt=5
Thread R: received packet on socket 0
Thread R: type = DATA, seq = 119
Thread R: received packet on socket 1
Thread R: type = ACK, seq = 10
acked window size : 10
Duplicate ACK — swnd empty, just updated wnd_size
After ACK: swnd.cnt=0 send_buf.cnt=5
Thread R: received packet on socket 0
Thread R: type = DATA, seq = 120
STORING seq=120 exptd=11 recv_cnt=0
Thread R: stored in recv_buf, cnt = 1

Thread R: Reciever wnd size before update: 10
Thread R: Reciever wnd size after update: 9

The expected SEQ NUM is 11

Thread R: received packet on socket 1
Thread R: type = ACK, seq = 10
acked window size : 10
Duplicate ACK — swnd empty, just updated wnd_size
After ACK: swnd.cnt=0 send_buf.cnt=5
Thread S: Socket number: 0 Eff window size:5 Sender Win Size:5 ACKed Win Size:10
Thread S: Socket number: 1 Eff window size:5 Sender Win Size:5 ACKed Win Size:10
Thread S: sent DATA for seq 121
Thread S: sent DATA for seq 122
Thread S: sent DATA for seq 123
Thread S: sent DATA for seq 124
Thread S: sent DATA for seq 125
Thread R: received packet on socket 0
Thread R: type = DATA, seq = 121
STORING seq=121 exptd=11 recv_cnt=0
Thread R: stored in recv_buf, cnt = 1

Thread R: Reciever wnd size before update: 10
Thread R: Reciever wnd size after update: 9

The expected SEQ NUM is 11

Thread R: received packet on socket 0
Thread R: type = DATA, seq = 122
STORING seq=122 exptd=11 recv_cnt=1
Thread R: stored in recv_buf, cnt = 2

Thread R: Reciever wnd size before update: 9
Thread R: Reciever wnd size after update: 8

The expected SEQ NUM is 11

Thread R: received packet on socket 0
Thread R: type = DATA, seq = 123
STORING seq=123 exptd=11 recv_cnt=2
Thread R: stored in recv_buf, cnt = 3

Thread R: Reciever wnd size before update: 8
Thread R: Reciever wnd size after update: 7

The expected SEQ NUM is 11

Thread R: received packet on socket 0
Thread R: type = DATA, seq = 124
STORING seq=124 exptd=11 recv_cnt=3
Thread R: stored in recv_buf, cnt = 4

Thread R: Reciever wnd size before update: 7
Thread R: Reciever wnd size after update: 6

The expected SEQ NUM is 11

Thread R: received packet on socket 0
Thread R: type = DATA, seq = 125
STORING seq=125 exptd=11 recv_cnt=4
Thread R: stored in recv_buf, cnt = 5

Thread R: Reciever wnd size before update: 6
Thread R: Reciever wnd size after update: 5

The expected SEQ NUM is 11

Thread S: Socket number: 0 Eff window size:5 Sender Win Size:5 ACKed Win Size:10
Thread S: Socket number: 1 Eff window size:5 Sender Win Size:5 ACKed Win Size:10
Thread S: Socket number: 0 Eff window size:5 Sender Win Size:5 ACKed Win Size:10
Thread S: Socket number: 1 Eff window size:5 Sender Win Size:5 ACKed Win Size:10
Select TIMED OUT
Thread S: Socket number: 0 Eff window size:5 Sender Win Size:5 ACKed Win Size:10
Thread S: Retransmitted from send_buf, cnt = 10
Thread S: Retransmitted from send_buf, cnt = 10
Thread S: Retransmitted from send_buf, cnt = 10
Thread S: Retransmitted from send_buf, cnt = 10
Thread S: Retransmitted from send_buf, cnt = 10
Thread S: Socket number: 1 Eff window size:5 Sender Win Size:5 ACKed Win Size:10
Thread R: received packet on socket 0
Thread R: type = DATA, seq = 121
Thread R: received packet on socket 0
Thread R: type = DATA, seq = 122
Thread R: received packet on socket 1
Thread R: type = ACK, seq = 10
acked window size : 10
After ACK: swnd.cnt=0 send_buf.cnt=5
Thread R: received packet on socket 0
Thread R: type = DATA, seq = 123
Thread R: received packet on socket 1
Thread R: type = ACK, seq = 10
acked window size : 10
Duplicate ACK — swnd empty, just updated wnd_size
After ACK: swnd.cnt=0 send_buf.cnt=5
Thread R: received packet on socket 0
Thread R: type = DATA, seq = 124
Thread R: received packet on socket 1
Thread R: type = ACK, seq = 10
acked window size : 10
Duplicate ACK — swnd empty, just updated wnd_size
After ACK: swnd.cnt=0 send_buf.cnt=5
Thread R: received packet on socket 0
Thread R: type = DATA, seq = 125
STORING seq=125 exptd=11 recv_cnt=0
Thread R: stored in recv_buf, cnt = 1

Thread R: Reciever wnd size before update: 10
Thread R: Reciever wnd size after update: 9

The expected SEQ NUM is 11

Thread R: received packet on socket 1
Thread R: type = ACK, seq = 10
acked window size : 10
Duplicate ACK — swnd empty, just updated wnd_size
After ACK: swnd.cnt=0 send_buf.cnt=5
Thread S: Socket number: 0 Eff window size:5 Sender Win Size:5 ACKed Win Size:10
Thread S: Socket number: 1 Eff window size:5 Sender Win Size:5 ACKed Win Size:10
Thread S: sent DATA for seq 126
Thread S: sent DATA for seq 127
Thread S: sent DATA for seq 128
Thread S: sent DATA for seq 129
Thread S: sent DATA for seq 130
Thread R: received packet on socket 0
Thread R: type = DATA, seq = 126
STORING seq=126 exptd=11 recv_cnt=0
Thread R: stored in recv_buf, cnt = 1

Thread R: Reciever wnd size before update: 10
Thread R: Reciever wnd size after update: 9

The expected SEQ NUM is 11

Thread R: received packet on socket 0
Thread R: type = DATA, seq = 127
STORING seq=127 exptd=11 recv_cnt=1
Thread R: stored in recv_buf, cnt = 2

Thread R: Reciever wnd size before update: 9
Thread R: Reciever wnd size after update: 8

The expected SEQ NUM is 11

Thread R: received packet on socket 0
Thread R: type = DATA, seq = 128
STORING seq=128 exptd=11 recv_cnt=2
Thread R: stored in recv_buf, cnt = 3

Thread R: Reciever wnd size before update: 8
Thread R: Reciever wnd size after update: 7

The expected SEQ NUM is 11

Thread R: received packet on socket 0
Thread R: type = DATA, seq = 129
STORING seq=129 exptd=11 recv_cnt=3
Thread R: stored in recv_buf, cnt = 4

Thread R: Reciever wnd size before update: 7
Thread R: Reciever wnd size after update: 6

The expected SEQ NUM is 11

Thread R: received packet on socket 0
Thread R: type = DATA, seq = 130
STORING seq=130 exptd=11 recv_cnt=4
Thread R: stored in recv_buf, cnt = 5

Thread R: Reciever wnd size before update: 6
Thread R: Reciever wnd size after update: 5

The expected SEQ NUM is 11

Thread S: Socket number: 0 Eff window size:5 Sender Win Size:5 ACKed Win Size:10
Thread S: Socket number: 1 Eff window size:5 Sender Win Size:5 ACKed Win Size:10
Thread S: Socket number: 0 Eff window size:5 Sender Win Size:5 ACKed Win Size:10
Thread S: Socket number: 1 Eff window size:5 Sender Win Size:5 ACKed Win Size:10
Select TIMED OUT
Thread S: Socket number: 0 Eff window size:5 Sender Win Size:5 ACKed Win Size:10
Thread S: Retransmitted from send_buf, cnt = 10
Thread S: Retransmitted from send_buf, cnt = 10
Thread S: Retransmitted from send_buf, cnt = 10
Thread S: Retransmitted from send_buf, cnt = 10
Thread S: Retransmitted from send_buf, cnt = 10
Thread S: Socket number: 1 Eff window size:5 Sender Win Size:5 ACKed Win Size:10
Thread R: received packet on socket 0
Thread R: type = DATA, seq = 126
Thread R: received packet on socket 0
Thread R: type = DATA, seq = 127
Thread R: received packet on socket 1
Thread R: type = ACK, seq = 10
acked window size : 10
After ACK: swnd.cnt=0 send_buf.cnt=5
Thread R: received packet on socket 0
Thread R: type = DATA, seq = 128
Thread R: received packet on socket 1
Thread R: type = ACK, seq = 10
acked window size : 10
Duplicate ACK — swnd empty, just updated wnd_size
After ACK: swnd.cnt=0 send_buf.cnt=5
Thread R: received packet on socket 0
Thread R: type = DATA, seq = 129
Thread R: received packet on socket 1
Thread R: type = ACK, seq = 10
acked window size : 10
Duplicate ACK — swnd empty, just updated wnd_size
After ACK: swnd.cnt=0 send_buf.cnt=5
Thread R: received packet on socket 0
Thread R: type = DATA, seq = 130
STORING seq=130 exptd=11 recv_cnt=0
Thread R: stored in recv_buf, cnt = 1

Thread R: Reciever wnd size before update: 10
Thread R: Reciever wnd size after update: 9

The expected SEQ NUM is 11

Thread R: received packet on socket 1
Thread R: type = ACK, seq = 10
acked window size : 10
Duplicate ACK — swnd empty, just updated wnd_size
After ACK: swnd.cnt=0 send_buf.cnt=5
Thread S: Socket number: 0 Eff window size:5 Sender Win Size:5 ACKed Win Size:10
Thread S: Socket number: 1 Eff window size:5 Sender Win Size:5 ACKed Win Size:10
Thread S: sent DATA for seq 131
Thread S: sent DATA for seq 132
Thread S: sent DATA for seq 133
Thread S: sent DATA for seq 134
Thread S: sent DATA for seq 135
Thread R: received packet on socket 0
Thread R: type = DATA, seq = 131
STORING seq=131 exptd=11 recv_cnt=0
Thread R: stored in recv_buf, cnt = 1

Thread R: Reciever wnd size before update: 10
Thread R: Reciever wnd size after update: 9

The expected SEQ NUM is 11

Thread R: received packet on socket 0
Thread R: type = DATA, seq = 132
STORING seq=132 exptd=11 recv_cnt=1
Thread R: stored in recv_buf, cnt = 2

Thread R: Reciever wnd size before update: 9
Thread R: Reciever wnd size after update: 8

The expected SEQ NUM is 11

Thread R: received packet on socket 0
Thread R: type = DATA, seq = 133
STORING seq=133 exptd=11 recv_cnt=2
Thread R: stored in recv_buf, cnt = 3

Thread R: Reciever wnd size before update: 8
Thread R: Reciever wnd size after update: 7

The expected SEQ NUM is 11

Thread R: received packet on socket 0
Thread R: type = DATA, seq = 134
STORING seq=134 exptd=11 recv_cnt=3
Thread R: stored in recv_buf, cnt = 4

Thread R: Reciever wnd size before update: 7
Thread R: Reciever wnd size after update: 6

The expected SEQ NUM is 11

Thread R: received packet on socket 0
Thread R: type = DATA, seq = 135
STORING seq=135 exptd=11 recv_cnt=4
Thread R: stored in recv_buf, cnt = 5

Thread R: Reciever wnd size before update: 6
Thread R: Reciever wnd size after update: 5

The expected SEQ NUM is 11

Thread S: Socket number: 0 Eff window size:5 Sender Win Size:5 ACKed Win Size:10
Thread S: Socket number: 1 Eff window size:5 Sender Win Size:5 ACKed Win Size:10
Thread S: Socket number: 0 Eff window size:5 Sender Win Size:5 ACKed Win Size:10
Thread S: Socket number: 1 Eff window size:5 Sender Win Size:5 ACKed Win Size:10
Select TIMED OUT
Thread S: Socket number: 0 Eff window size:5 Sender Win Size:5 ACKed Win Size:10
Thread S: Retransmitted from send_buf, cnt = 10
Thread S: Retransmitted from send_buf, cnt = 10
Thread S: Retransmitted from send_buf, cnt = 10
Thread S: Retransmitted from send_buf, cnt = 10
Thread S: Retransmitted from send_buf, cnt = 10
Thread S: Socket number: 1 Eff window size:5 Sender Win Size:5 ACKed Win Size:10
Thread R: received packet on socket 0
Thread R: type = DATA, seq = 131
Thread R: received packet on socket 0
Thread R: type = DATA, seq = 132
Thread R: received packet on socket 1
Thread R: type = ACK, seq = 10
acked window size : 10
After ACK: swnd.cnt=0 send_buf.cnt=5
Thread R: received packet on socket 0
Thread R: type = DATA, seq = 133
Thread R: received packet on socket 1
Thread R: type = ACK, seq = 10
acked window size : 10
Duplicate ACK — swnd empty, just updated wnd_size
After ACK: swnd.cnt=0 send_buf.cnt=5
Thread R: received packet on socket 0
Thread R: type = DATA, seq = 134
Thread R: received packet on socket 1
Thread R: type = ACK, seq = 10
acked window size : 10
Duplicate ACK — swnd empty, just updated wnd_size
After ACK: swnd.cnt=0 send_buf.cnt=5
Thread R: received packet on socket 0
Thread R: type = DATA, seq = 135
STORING seq=135 exptd=11 recv_cnt=0
Thread R: stored in recv_buf, cnt = 1

Thread R: Reciever wnd size before update: 10
Thread R: Reciever wnd size after update: 9

The expected SEQ NUM is 11

Thread R: received packet on socket 1
Thread R: type = ACK, seq = 10
acked window size : 10
Duplicate ACK — swnd empty, just updated wnd_size
After ACK: swnd.cnt=0 send_buf.cnt=5
Thread S: Socket number: 0 Eff window size:5 Sender Win Size:5 ACKed Win Size:10
Thread S: Socket number: 1 Eff window size:5 Sender Win Size:5 ACKed Win Size:10
Thread S: sent DATA for seq 136
Thread S: sent DATA for seq 137
Thread S: sent DATA for seq 138
Thread S: sent DATA for seq 139
Thread S: sent DATA for seq 140
Thread R: received packet on socket 0
Thread R: type = DATA, seq = 136
STORING seq=136 exptd=11 recv_cnt=0
Thread R: stored in recv_buf, cnt = 1

Thread R: Reciever wnd size before update: 10
Thread R: Reciever wnd size after update: 9

The expected SEQ NUM is 11

Thread R: received packet on socket 0
Thread R: type = DATA, seq = 137
STORING seq=137 exptd=11 recv_cnt=1
Thread R: stored in recv_buf, cnt = 2

Thread R: Reciever wnd size before update: 9
Thread R: Reciever wnd size after update: 8

The expected SEQ NUM is 11

Thread R: received packet on socket 0
Thread R: type = DATA, seq = 138
STORING seq=138 exptd=11 recv_cnt=2
Thread R: stored in recv_buf, cnt = 3

Thread R: Reciever wnd size before update: 8
Thread R: Reciever wnd size after update: 7

The expected SEQ NUM is 11

Thread R: received packet on socket 0
Thread R: type = DATA, seq = 139
STORING seq=139 exptd=11 recv_cnt=3
Thread R: stored in recv_buf, cnt = 4

Thread R: Reciever wnd size before update: 7
Thread R: Reciever wnd size after update: 6

The expected SEQ NUM is 11

Thread R: received packet on socket 0
Thread R: type = DATA, seq = 140
Thread R: received packet on socket 1
Thread R: type = ACK, seq = 10
acked window size : 6
After ACK: swnd.cnt=0 send_buf.cnt=5
Thread S: Socket number: 0 Eff window size:5 Sender Win Size:5 ACKed Win Size:10
Thread S: Socket number: 1 Eff window size:5 Sender Win Size:5 ACKed Win Size:6
Thread S: sent DATA for seq 141
Thread S: sent DATA for seq 142
Thread S: sent DATA for seq 143
Thread S: sent DATA for seq 144
Thread S: sent DATA for seq 145
Thread R: received packet on socket 0
Thread R: type = DATA, seq = 141
Thread R: packet dropped!
Thread R: received packet on socket 0
Thread R: type = DATA, seq = 142
Thread R: received packet on socket 0
Thread R: type = DATA, seq = 143
Thread R: received packet on socket 1
Thread R: type = ACK, seq = 10
acked window size : 10
After ACK: swnd.cnt=0 send_buf.cnt=5
Thread R: received packet on socket 0
Thread R: type = DATA, seq = 144
Thread R: received packet on socket 1
Thread R: type = ACK, seq = 10
acked window size : 10
Duplicate ACK — swnd empty, just updated wnd_size
After ACK: swnd.cnt=0 send_buf.cnt=5
Thread R: received packet on socket 0
Thread R: type = DATA, seq = 145
Thread R: received packet on socket 1
Thread R: type = ACK, seq = 10
Thread R: packet dropped!
Thread R: received packet on socket 1
Thread R: type = ACK, seq = 10
acked window size : 10
Duplicate ACK — swnd empty, just updated wnd_size
After ACK: swnd.cnt=0 send_buf.cnt=5
Thread S: Socket number: 0 Eff window size:5 Sender Win Size:5 ACKed Win Size:10
Thread S: Socket number: 1 Eff window size:5 Sender Win Size:5 ACKed Win Size:10
Thread S: sent DATA for seq 146
Thread S: sent DATA for seq 147
Thread S: sent DATA for seq 148
Thread S: sent DATA for seq 149
Thread S: sent DATA for seq 150
Thread R: received packet on socket 0
Thread R: type = DATA, seq = 146
Thread R: received packet on socket 0
Thread R: type = DATA, seq = 147
Thread R: received packet on socket 1
Thread R: type = ACK, seq = 10
acked window size : 10
After ACK: swnd.cnt=0 send_buf.cnt=5
Thread R: received packet on socket 0
Thread R: type = DATA, seq = 148
Thread R: received packet on socket 1
Thread R: type = ACK, seq = 10
acked window size : 10
Duplicate ACK — swnd empty, just updated wnd_size
After ACK: swnd.cnt=0 send_buf.cnt=5
Thread R: received packet on socket 0
Thread R: type = DATA, seq = 149
Thread R: received packet on socket 1
Thread R: type = ACK, seq = 10
acked window size : 10
Duplicate ACK — swnd empty, just updated wnd_size
After ACK: swnd.cnt=0 send_buf.cnt=5
Thread R: received packet on socket 0
Thread R: type = DATA, seq = 150
Thread R: received packet on socket 1
Thread R: type = ACK, seq = 10
acked window size : 10
Duplicate ACK — swnd empty, just updated wnd_size
After ACK: swnd.cnt=0 send_buf.cnt=5
Thread R: received packet on socket 1
Thread R: type = ACK, seq = 10
acked window size : 10
Duplicate ACK — swnd empty, just updated wnd_size
After ACK: swnd.cnt=0 send_buf.cnt=5
Thread S: Socket number: 0 Eff window size:5 Sender Win Size:5 ACKed Win Size:10
Thread S: Socket number: 1 Eff window size:5 Sender Win Size:5 ACKed Win Size:10
Thread S: sent DATA for seq 151
Thread S: sent DATA for seq 152
Thread S: sent DATA for seq 153
Thread S: sent DATA for seq 154
Thread S: sent DATA for seq 155
Thread R: received packet on socket 0
Thread R: type = DATA, seq = 151
Thread R: received packet on socket 0
Thread R: type = DATA, seq = 152
Thread R: received packet on socket 1
Thread R: type = ACK, seq = 10
acked window size : 10
After ACK: swnd.cnt=0 send_buf.cnt=5
Thread R: received packet on socket 0
Thread R: type = DATA, seq = 153
Thread R: received packet on socket 1
Thread R: type = ACK, seq = 10
acked window size : 10
Duplicate ACK — swnd empty, just updated wnd_size
After ACK: swnd.cnt=0 send_buf.cnt=5
Thread R: received packet on socket 0
Thread R: type = DATA, seq = 154
Thread R: received packet on socket 1
Thread R: type = ACK, seq = 10
acked window size : 10
Duplicate ACK — swnd empty, just updated wnd_size
After ACK: swnd.cnt=0 send_buf.cnt=5
Thread R: received packet on socket 0
Thread R: type = DATA, seq = 155
Thread R: received packet on socket 1
Thread R: type = ACK, seq = 10
acked window size : 10
Duplicate ACK — swnd empty, just updated wnd_size
After ACK: swnd.cnt=0 send_buf.cnt=5
Thread R: received packet on socket 1
Thread R: type = ACK, seq = 10
acked window size : 10
Duplicate ACK — swnd empty, just updated wnd_size
After ACK: swnd.cnt=0 send_buf.cnt=5
Thread S: Socket number: 0 Eff window size:5 Sender Win Size:5 ACKed Win Size:10
Thread S: Socket number: 1 Eff window size:5 Sender Win Size:5 ACKed Win Size:10
Thread S: sent DATA for seq 156
Thread S: sent DATA for seq 157
Thread S: sent DATA for seq 158
Thread S: sent DATA for seq 159
Thread S: sent DATA for seq 160
Thread R: received packet on socket 0
Thread R: type = DATA, seq = 156
Thread R: received packet on socket 0
Thread R: type = DATA, seq = 157
Thread R: received packet on socket 1
Thread R: type = ACK, seq = 10
acked window size : 10
After ACK: swnd.cnt=0 send_buf.cnt=5
Thread R: received packet on socket 0
Thread R: type = DATA, seq = 158
Thread R: received packet on socket 1
Thread R: type = ACK, seq = 10
acked window size : 10
Duplicate ACK — swnd empty, just updated wnd_size
After ACK: swnd.cnt=0 send_buf.cnt=5
Thread R: received packet on socket 0
Thread R: type = DATA, seq = 159
Thread R: received packet on socket 1
Thread R: type = ACK, seq = 10
acked window size : 10
Duplicate ACK — swnd empty, just updated wnd_size
After ACK: swnd.cnt=0 send_buf.cnt=5
Thread R: received packet on socket 0
Thread R: type = DATA, seq = 160
Thread R: received packet on socket 1
Thread R: type = ACK, seq = 10
acked window size : 10
Duplicate ACK — swnd empty, just updated wnd_size
After ACK: swnd.cnt=0 send_buf.cnt=5
Thread R: received packet on socket 1
Thread R: type = ACK, seq = 10
acked window size : 10
Duplicate ACK — swnd empty, just updated wnd_size
After ACK: swnd.cnt=0 send_buf.cnt=5
Thread S: Socket number: 0 Eff window size:5 Sender Win Size:5 ACKed Win Size:10
Thread S: Socket number: 1 Eff window size:5 Sender Win Size:5 ACKed Win Size:10
Thread S: sent DATA for seq 161
Thread S: sent DATA for seq 162
Thread S: sent DATA for seq 163
Thread S: sent DATA for seq 164
Thread S: sent DATA for seq 165
Thread R: received packet on socket 0
Thread R: type = DATA, seq = 161
Thread R: received packet on socket 0
Thread R: type = DATA, seq = 162
Thread R: received packet on socket 1
Thread R: type = ACK, seq = 10
acked window size : 10
After ACK: swnd.cnt=0 send_buf.cnt=5
Thread R: received packet on socket 0
Thread R: type = DATA, seq = 163
Thread R: received packet on socket 1
Thread R: type = ACK, seq = 10
acked window size : 10
Duplicate ACK — swnd empty, just updated wnd_size
After ACK: swnd.cnt=0 send_buf.cnt=5
Thread R: received packet on socket 0
Thread R: type = DATA, seq = 164
Thread R: received packet on socket 1
Thread R: type = ACK, seq = 10
acked window size : 10
Duplicate ACK — swnd empty, just updated wnd_size
After ACK: swnd.cnt=0 send_buf.cnt=5
Thread R: received packet on socket 0
Thread R: type = DATA, seq = 165
Thread R: received packet on socket 1
Thread R: type = ACK, seq = 10
acked window size : 10
Duplicate ACK — swnd empty, just updated wnd_size
After ACK: swnd.cnt=0 send_buf.cnt=5
Thread R: received packet on socket 1
Thread R: type = ACK, seq = 10
acked window size : 10
Duplicate ACK — swnd empty, just updated wnd_size
After ACK: swnd.cnt=0 send_buf.cnt=5
Thread S: Socket number: 0 Eff window size:5 Sender Win Size:5 ACKed Win Size:10
Thread S: Socket number: 1 Eff window size:5 Sender Win Size:5 ACKed Win Size:10
Thread S: sent DATA for seq 166
Thread S: sent DATA for seq 167
Thread S: sent DATA for seq 168
Thread S: sent DATA for seq 169
Thread S: sent DATA for seq 170
Thread R: received packet on socket 0
Thread R: type = DATA, seq = 166
Thread R: received packet on socket 0
Thread R: type = DATA, seq = 167
Thread R: received packet on socket 1
Thread R: type = ACK, seq = 10
acked window size : 10
After ACK: swnd.cnt=0 send_buf.cnt=5
Thread R: received packet on socket 0
Thread R: type = DATA, seq = 168
Thread R: received packet on socket 1
Thread R: type = ACK, seq = 10
acked window size : 10
Duplicate ACK — swnd empty, just updated wnd_size
After ACK: swnd.cnt=0 send_buf.cnt=5
Thread R: received packet on socket 0
Thread R: type = DATA, seq = 169
Thread R: received packet on socket 1
Thread R: type = ACK, seq = 10
acked window size : 10
Duplicate ACK — swnd empty, just updated wnd_size
After ACK: swnd.cnt=0 send_buf.cnt=5
Thread R: received packet on socket 0
Thread R: type = DATA, seq = 170
Thread R: packet dropped!
Thread R: received packet on socket 1
Thread R: type = ACK, seq = 10
acked window size : 10
Duplicate ACK — swnd empty, just updated wnd_size
After ACK: swnd.cnt=0 send_buf.cnt=5
Thread S: Socket number: 0 Eff window size:5 Sender Win Size:5 ACKed Win Size:10
Thread S: Socket number: 1 Eff window size:5 Sender Win Size:5 ACKed Win Size:10
Thread S: sent DATA for seq 171
Thread S: sent DATA for seq 172
Thread S: sent DATA for seq 173
Thread S: sent DATA for seq 174
Thread S: sent DATA for seq 175
Thread R: received packet on socket 0
Thread R: type = DATA, seq = 171
Thread R: received packet on socket 0
Thread R: type = DATA, seq = 172
Thread R: received packet on socket 1
Thread R: type = ACK, seq = 10
acked window size : 10
After ACK: swnd.cnt=0 send_buf.cnt=5
Thread R: received packet on socket 0
Thread R: type = DATA, seq = 173
Thread R: received packet on socket 1
Thread R: type = ACK, seq = 10
acked window size : 10
Duplicate ACK — swnd empty, just updated wnd_size
After ACK: swnd.cnt=0 send_buf.cnt=5
Thread R: received packet on socket 0
Thread R: type = DATA, seq = 174
Thread R: received packet on socket 1
Thread R: type = ACK, seq = 10
acked window size : 10
Duplicate ACK — swnd empty, just updated wnd_size
After ACK: swnd.cnt=0 send_buf.cnt=5
Thread R: received packet on socket 0
Thread R: type = DATA, seq = 175
Thread R: received packet on socket 1
Thread R: type = ACK, seq = 10
acked window size : 10
Duplicate ACK — swnd empty, just updated wnd_size
After ACK: swnd.cnt=0 send_buf.cnt=5
Thread R: received packet on socket 1
Thread R: type = ACK, seq = 10
acked window size : 10
Duplicate ACK — swnd empty, just updated wnd_size
After ACK: swnd.cnt=0 send_buf.cnt=5
Thread S: Socket number: 0 Eff window size:5 Sender Win Size:5 ACKed Win Size:10
Thread S: Socket number: 1 Eff window size:5 Sender Win Size:5 ACKed Win Size:10
Thread S: sent DATA for seq 176
Thread S: sent DATA for seq 177
Thread S: sent DATA for seq 178
Thread S: sent DATA for seq 179
Thread S: sent DATA for seq 180
Thread R: received packet on socket 0
Thread R: type = DATA, seq = 176
Thread R: received packet on socket 0
Thread R: type = DATA, seq = 177
Thread R: received packet on socket 1
Thread R: type = ACK, seq = 10
acked window size : 10
After ACK: swnd.cnt=0 send_buf.cnt=5
Thread R: received packet on socket 0
Thread R: type = DATA, seq = 178
Thread R: received packet on socket 1
Thread R: type = ACK, seq = 10
acked window size : 10
Duplicate ACK — swnd empty, just updated wnd_size
After ACK: swnd.cnt=0 send_buf.cnt=5
Thread R: received packet on socket 0
Thread R: type = DATA, seq = 179
Thread R: received packet on socket 1
Thread R: type = ACK, seq = 10
acked window size : 10
Duplicate ACK — swnd empty, just updated wnd_size
After ACK: swnd.cnt=0 send_buf.cnt=5
Thread R: received packet on socket 0
Thread R: type = DATA, seq = 180
Thread R: received packet on socket 1
Thread R: type = ACK, seq = 10
acked window size : 10
Duplicate ACK — swnd empty, just updated wnd_size
After ACK: swnd.cnt=0 send_buf.cnt=5
Thread R: received packet on socket 1
Thread R: type = ACK, seq = 10
acked window size : 10
Duplicate ACK — swnd empty, just updated wnd_size
After ACK: swnd.cnt=0 send_buf.cnt=5
Thread S: Socket number: 0 Eff window size:5 Sender Win Size:5 ACKed Win Size:10
Thread S: Socket number: 1 Eff window size:5 Sender Win Size:5 ACKed Win Size:10
Thread S: sent DATA for seq 181
Thread S: sent DATA for seq 182
Thread S: sent DATA for seq 183
Thread S: sent DATA for seq 184
Thread S: sent DATA for seq 185
Thread R: received packet on socket 0
Thread R: type = DATA, seq = 181
Thread R: packet dropped!
Thread R: received packet on socket 0
Thread R: type = DATA, seq = 182
Thread R: received packet on socket 0
Thread R: type = DATA, seq = 183
Thread R: received packet on socket 1
Thread R: type = ACK, seq = 10
acked window size : 10
After ACK: swnd.cnt=0 send_buf.cnt=5
Thread R: received packet on socket 0
Thread R: type = DATA, seq = 184
Thread R: received packet on socket 1
Thread R: type = ACK, seq = 10
acked window size : 10
Duplicate ACK — swnd empty, just updated wnd_size
After ACK: swnd.cnt=0 send_buf.cnt=5
Thread R: received packet on socket 0
Thread R: type = DATA, seq = 185
Thread R: received packet on socket 1
Thread R: type = ACK, seq = 10
acked window size : 10
Duplicate ACK — swnd empty, just updated wnd_size
After ACK: swnd.cnt=0 send_buf.cnt=5
Thread R: received packet on socket 1
Thread R: type = ACK, seq = 10
acked window size : 10
Duplicate ACK — swnd empty, just updated wnd_size
After ACK: swnd.cnt=0 send_buf.cnt=5
Thread S: Socket number: 0 Eff window size:5 Sender Win Size:5 ACKed Win Size:10
Thread S: Socket number: 1 Eff window size:5 Sender Win Size:5 ACKed Win Size:10
Thread S: sent DATA for seq 186
Thread S: sent DATA for seq 187
Thread S: sent DATA for seq 188
Thread S: sent DATA for seq 189
Thread S: sent DATA for seq 190
Thread R: received packet on socket 0
Thread R: type = DATA, seq = 186
Thread R: received packet on socket 0
Thread R: type = DATA, seq = 187
Thread R: received packet on socket 1
Thread R: type = ACK, seq = 10
acked window size : 10
After ACK: swnd.cnt=0 send_buf.cnt=5
Thread R: received packet on socket 0
Thread R: type = DATA, seq = 188
Thread R: received packet on socket 1
Thread R: type = ACK, seq = 10
acked window size : 10
Duplicate ACK — swnd empty, just updated wnd_size
After ACK: swnd.cnt=0 send_buf.cnt=5
Thread R: received packet on socket 0
Thread R: type = DATA, seq = 189
Thread R: packet dropped!
Thread R: received packet on socket 1
Thread R: type = ACK, seq = 10
acked window size : 10
Duplicate ACK — swnd empty, just updated wnd_size
After ACK: swnd.cnt=0 send_buf.cnt=5
Thread R: received packet on socket 0
Thread R: type = DATA, seq = 190
Thread R: received packet on socket 1
Thread R: type = ACK, seq = 10
acked window size : 10
Duplicate ACK — swnd empty, just updated wnd_size
After ACK: swnd.cnt=0 send_buf.cnt=5
Thread S: Socket number: 0 Eff window size:5 Sender Win Size:5 ACKed Win Size:10
Thread S: Socket number: 1 Eff window size:5 Sender Win Size:5 ACKed Win Size:10
Thread S: sent DATA for seq 191
Thread S: sent DATA for seq 192
Thread S: sent DATA for seq 193
Thread S: sent DATA for seq 194
Thread S: sent DATA for seq 195
Thread R: received packet on socket 0
Thread R: type = DATA, seq = 191
Thread R: received packet on socket 0
Thread R: type = DATA, seq = 192
Thread R: received packet on socket 1
Thread R: type = ACK, seq = 10
acked window size : 10
After ACK: swnd.cnt=0 send_buf.cnt=5
Thread R: received packet on socket 0
Thread R: type = DATA, seq = 193
Thread R: received packet on socket 1
Thread R: type = ACK, seq = 10
acked window size : 10
Duplicate ACK — swnd empty, just updated wnd_size
After ACK: swnd.cnt=0 send_buf.cnt=5
Thread R: received packet on socket 0
Thread R: type = DATA, seq = 194
Thread R: received packet on socket 1
Thread R: type = ACK, seq = 10
acked window size : 10
Duplicate ACK — swnd empty, just updated wnd_size
After ACK: swnd.cnt=0 send_buf.cnt=5
Thread R: received packet on socket 0
Thread R: type = DATA, seq = 195
Thread R: received packet on socket 1
Thread R: type = ACK, seq = 10
Thread R: packet dropped!
Thread R: received packet on socket 1
Thread R: type = ACK, seq = 10
acked window size : 10
Duplicate ACK — swnd empty, just updated wnd_size
After ACK: swnd.cnt=0 send_buf.cnt=5
Thread S: Socket number: 0 Eff window size:5 Sender Win Size:5 ACKed Win Size:10
Thread S: Socket number: 1 Eff window size:5 Sender Win Size:5 ACKed Win Size:10
Thread S: sent DATA for seq 196
Thread S: sent DATA for seq 197
Thread S: sent DATA for seq 198
Thread S: sent DATA for seq 199
Thread S: sent DATA for seq 200
Thread R: received packet on socket 0
Thread R: type = DATA, seq = 196
Thread R: received packet on socket 0
Thread R: type = DATA, seq = 197
Thread R: received packet on socket 1
Thread R: type = ACK, seq = 10
acked window size : 10
After ACK: swnd.cnt=0 send_buf.cnt=0
Thread R: received packet on socket 0
Thread R: type = DATA, seq = 198
Thread R: received packet on socket 1
Thread R: type = ACK, seq = 10
acked window size : 10
Duplicate ACK — swnd empty, just updated wnd_size
After ACK: swnd.cnt=0 send_buf.cnt=0
Thread R: received packet on socket 0
Thread R: type = DATA, seq = 199
Thread R: packet dropped!
Thread R: received packet on socket 1
Thread R: type = ACK, seq = 10
Thread R: packet dropped!
Thread R: received packet on socket 0
Thread R: type = DATA, seq = 200
Thread R: received packet on socket 1
Thread R: type = ACK, seq = 10
acked window size : 10
Duplicate ACK — swnd empty, just updated wnd_size
After ACK: swnd.cnt=0 send_buf.cnt=0
Thread S: Socket number: 0 Eff window size:5 Sender Win Size:5 ACKed Win Size:10
Thread S: Socket number: 1 Eff window size:5 Sender Win Size:5 ACKed Win Size:10
Thread S: Socket number: 0 Eff window size:5 Sender Win Size:5 ACKed Win Size:10
Thread S: Socket number: 1 Eff window size:5 Sender Win Size:5 ACKed Win Size:10
Select TIMED OUT
Thread S: Socket number: 0 Eff window size:5 Sender Win Size:5 ACKed Win Size:10
Thread S: Socket number: 0 Eff window size:5 Sender Win Size:5 ACKed Win Size:10
Select TIMED OUT
Thread S: Socket number: 0 Eff window size:5 Sender Win Size:5 ACKed Win Size:10
Thread S: Socket number: 0 Eff window size:5 Sender Win Size:5 ACKed Win Size:10
Select TIMED OUT
Thread S: Socket number: 0 Eff window size:5 Sender Win Size:5 ACKed Win Size:10
Thread S: Socket number: 0 Eff window size:5 Sender Win Size:5 ACKed Win Size:10
Select TIMED OUT
Thread S: Socket number: 0 Eff window size:5 Sender Win Size:5 ACKed Win Size:10
Thread S: Socket number: 0 Eff window size:5 Sender Win Size:5 ACKed Win Size:10
Select TIMED OUT
Thread S: Socket number: 0 Eff window size:5 Sender Win Size:5 ACKed Win Size:10
Thread S: Socket number: 0 Eff window size:5 Sender Win Size:5 ACKed Win Size:10
Select TIMED OUT
Thread S: Socket number: 0 Eff window size:5 Sender Win Size:5 ACKed Win Size:10
Thread S: Socket number: 0 Eff window size:5 Sender Win Size:5 ACKed Win Size:10
Select TIMED OUT
Thread S: Socket number: 0 Eff window size:5 Sender Win Size:5 ACKed Win Size:10
Thread S: Socket number: 0 Eff window size:5 Sender Win Size:5 ACKed Win Size:10
Select TIMED OUT
Thread S: Socket number: 0 Eff window size:5 Sender Win Size:5 ACKed Win Size:10
Thread S: Socket number: 0 Eff window size:5 Sender Win Size:5 ACKed Win Size:10
Select TIMED OUT
Thread S: Socket number: 0 Eff window size:5 Sender Win Size:5 ACKed Win Size:10
Thread S: Socket number: 0 Eff window size:5 Sender Win Size:5 ACKed Win Size:10
Select TIMED OUT
Thread S: Socket number: 0 Eff window size:5 Sender Win Size:5 ACKed Win Size:10
Thread S: Socket number: 0 Eff window size:5 Sender Win Size:5 ACKed Win Size:10
Select TIMED OUT
Thread S: Socket number: 0 Eff window size:5 Sender Win Size:5 ACKed Win Size:10
Thread S: Socket number: 0 Eff window size:5 Sender Win Size:5 ACKed Win Size:10
Select TIMED OUT
Thread S: Socket number: 0 Eff window size:5 Sender Win Size:5 ACKed Win Size:10
Thread S: Socket number: 0 Eff window size:5 Sender Win Size:5 ACKed Win Size:10
Select TIMED OUT
Thread S: Socket number: 0 Eff window size:5 Sender Win Size:5 ACKed Win Size:10
Thread S: Socket number: 0 Eff window size:5 Sender Win Size:5 ACKed Win Size:10
Select TIMED OUT
Thread S: Socket number: 0 Eff window size:5 Sender Win Size:5 ACKed Win Size:10
Thread S: Socket number: 0 Eff window size:5 Sender Win Size:5 ACKed Win Size:10
Select TIMED OUT
Thread S: Socket number: 0 Eff window size:5 Sender Win Size:5 ACKed Win Size:10
Thread S: Socket number: 0 Eff window size:5 Sender Win Size:5 ACKed Win Size:10
Select TIMED OUT
Thread S: Socket number: 0 Eff window size:5 Sender Win Size:5 ACKed Win Size:10
Thread S: Socket number: 0 Eff window size:5 Sender Win Size:5 ACKed Win Size:10
Select TIMED OUT
Thread S: Socket number: 0 Eff window size:5 Sender Win Size:5 ACKed Win Size:10
Thread S: Socket number: 0 Eff window size:5 Sender Win Size:5 ACKed Win Size:10
Select TIMED OUT
Thread S: Socket number: 0 Eff window size:5 Sender Win Size:5 ACKed Win Size:10
Thread S: Socket number: 0 Eff window size:5 Sender Win Size:5 ACKed Win Size:10
Select TIMED OUT
Thread S: Socket number: 0 Eff window size:5 Sender Win Size:5 ACKed Win Size:10
Thread S: Socket number: 0 Eff window size:5 Sender Win Size:5 ACKed Win Size:10
Select TIMED OUT
Thread S: Socket number: 0 Eff window size:5 Sender Win Size:5 ACKed Win Size:10
Thread S: Socket number: 0 Eff window size:5 Sender Win Size:5 ACKed Win Size:10
Select TIMED OUT
Thread S: Socket number: 0 Eff window size:5 Sender Win Size:5 ACKed Win Size:10
Thread S: Socket number: 0 Eff window size:5 Sender Win Size:5 ACKed Win Size:10
Select TIMED OUT
Thread S: Socket number: 0 Eff window size:5 Sender Win Size:5 ACKed Win Size:10
Thread S: Socket number: 0 Eff window size:5 Sender Win Size:5 ACKed Win Size:10
Select TIMED OUT
Thread S: Socket number: 0 Eff window size:5 Sender Win Size:5 ACKed Win Size:10
Thread S: Socket number: 0 Eff window size:5 Sender Win Size:5 ACKed Win Size:10
Select TIMED OUT
Thread S: Socket number: 0 Eff window size:5 Sender Win Size:5 ACKed Win Size:10
Thread S: Socket number: 0 Eff window size:5 Sender Win Size:5 ACKed Win Size:10
Select TIMED OUT
Thread S: Socket number: 0 Eff window size:5 Sender Win Size:5 ACKed Win Size:10
Thread S: Socket number: 0 Eff window size:5 Sender Win Size:5 ACKed Win Size:10
Select TIMED OUT
Thread S: Socket number: 0 Eff window size:5 Sender Win Size:5 ACKed Win Size:10
Thread S: Socket number: 0 Eff window size:5 Sender Win Size:5 ACKed Win Size:10
Select TIMED OUT
Thread S: Socket number: 0 Eff window size:5 Sender Win Size:5 ACKed Win Size:10
Thread S: Socket number: 0 Eff window size:5 Sender Win Size:5 ACKed Win Size:10
Select TIMED OUT
Thread S: Socket number: 0 Eff window size:5 Sender Win Size:5 ACKed Win Size:10
Thread S: Socket number: 0 Eff window size:5 Sender Win Size:5 ACKed Win Size:10
Select TIMED OUT
Thread S: Socket number: 0 Eff window size:5 Sender Win Size:5 ACKed Win Size:10
Thread S: Socket number: 0 Eff window size:5 Sender Win Size:5 ACKed Win Size:10
Select TIMED OUT
Thread S: Socket number: 0 Eff window size:5 Sender Win Size:5 ACKed Win Size:10
Thread S: Socket number: 0 Eff window size:5 Sender Win Size:5 ACKed Win Size:10
Select TIMED OUT
Thread S: Socket number: 0 Eff window size:5 Sender Win Size:5 ACKed Win Size:10
Thread S: Socket number: 0 Eff window size:5 Sender Win Size:5 ACKed Win Size:10
Select TIMED OUT
Thread S: Socket number: 0 Eff window size:5 Sender Win Size:5 ACKed Win Size:10
Thread S: Socket number: 0 Eff window size:5 Sender Win Size:5 ACKed Win Size:10
Select TIMED OUT
Thread S: Socket number: 0 Eff window size:5 Sender Win Size:5 ACKed Win Size:10
Thread S: Socket number: 0 Eff window size:5 Sender Win Size:5 ACKed Win Size:10
Select TIMED OUT
Thread S: Socket number: 0 Eff window size:5 Sender Win Size:5 ACKed Win Size:10
Thread S: Socket number: 0 Eff window size:5 Sender Win Size:5 ACKed Win Size:10
Select TIMED OUT
Thread S: Socket number: 0 Eff window size:5 Sender Win Size:5 ACKed Win Size:10
Thread S: Socket number: 0 Eff window size:5 Sender Win Size:5 ACKed Win Size:10
Select TIMED OUT
Thread S: Socket number: 0 Eff window size:5 Sender Win Size:5 ACKed Win Size:10
Thread S: Socket number: 0 Eff window size:5 Sender Win Size:5 ACKed Win Size:10
Select TIMED OUT
Thread S: Socket number: 0 Eff window size:5 Sender Win Size:5 ACKed Win Size:10
Thread S: Socket number: 0 Eff window size:5 Sender Win Size:5 ACKed Win Size:10
Select TIMED OUT
Thread S: Socket number: 0 Eff window size:5 Sender Win Size:5 ACKed Win Size:10
Thread S: Socket number: 0 Eff window size:5 Sender Win Size:5 ACKed Win Size:10
Select TIMED OUT
Thread S: Socket number: 0 Eff window size:5 Sender Win Size:5 ACKed Win Size:10
Thread S: Socket number: 0 Eff window size:5 Sender Win Size:5 ACKed Win Size:10
Select TIMED OUT
Thread S: Socket number: 0 Eff window size:5 Sender Win Size:5 ACKed Win Size:10
Thread S: Socket number: 0 Eff window size:5 Sender Win Size:5 ACKed Win Size:10
Select TIMED OUT
Thread S: Socket number: 0 Eff window size:5 Sender Win Size:5 ACKed Win Size:10
Thread S: Socket number: 0 Eff window size:5 Sender Win Size:5 ACKed Win Size:10
Select TIMED OUT
Thread S: Socket number: 0 Eff window size:5 Sender Win Size:5 ACKed Win Size:10
Thread S: Socket number: 0 Eff window size:5 Sender Win Size:5 ACKed Win Size:10
Select TIMED OUT
Thread S: Socket number: 0 Eff window size:5 Sender Win Size:5 ACKed Win Size:10
Thread S: Socket number: 0 Eff window size:5 Sender Win Size:5 ACKed Win Size:10
Select TIMED OUT
Thread S: Socket number: 0 Eff window size:5 Sender Win Size:5 ACKed Win Size:10
Thread S: Socket number: 0 Eff window size:5 Sender Win Size:5 ACKed Win Size:10
Select TIMED OUT
Thread S: Socket number: 0 Eff window size:5 Sender Win Size:5 ACKed Win Size:10
Thread S: Socket number: 0 Eff window size:5 Sender Win Size:5 ACKed Win Size:10
Select TIMED OUT
Thread S: Socket number: 0 Eff window size:5 Sender Win Size:5 ACKed Win Size:10
Thread S: Socket number: 0 Eff window size:5 Sender Win Size:5 ACKed Win Size:10
Select TIMED OUT
Thread S: Socket number: 0 Eff window size:5 Sender Win Size:5 ACKed Win Size:10
Thread S: Socket number: 0 Eff window size:5 Sender Win Size:5 ACKed Win Size:10
Select TIMED OUT
Thread S: Socket number: 0 Eff window size:5 Sender Win Size:5 ACKed Win Size:10
Thread S: Socket number: 0 Eff window size:5 Sender Win Size:5 ACKed Win Size:10
Select TIMED OUT
Thread S: Socket number: 0 Eff window size:5 Sender Win Size:5 ACKed Win Size:10
Thread S: Socket number: 0 Eff window size:5 Sender Win Size:5 ACKed Win Size:10
Select TIMED OUT
Thread S: Socket number: 0 Eff window size:5 Sender Win Size:5 ACKed Win Size:10
Thread S: Socket number: 0 Eff window size:5 Sender Win Size:5 ACKed Win Size:10
Select TIMED OUT
Thread S: Socket number: 0 Eff window size:5 Sender Win Size:5 ACKed Win Size:10
Thread S: Socket number: 0 Eff window size:5 Sender Win Size:5 ACKed Win Size:10
Select TIMED OUT
Thread S: Socket number: 0 Eff window size:5 Sender Win Size:5 ACKed Win Size:10
Thread S: Socket number: 0 Eff window size:5 Sender Win Size:5 ACKed Win Size:10
Select TIMED OUT
Thread S: Socket number: 0 Eff window size:5 Sender Win Size:5 ACKed Win Size:10
Thread S: Socket number: 0 Eff window size:5 Sender Win Size:5 ACKed Win Size:10
Select TIMED OUT
Thread S: Socket number: 0 Eff window size:5 Sender Win Size:5 ACKed Win Size:10
Thread S: Socket number: 0 Eff window size:5 Sender Win Size:5 ACKed Win Size:10
Select TIMED OUT
Thread S: Socket number: 0 Eff window size:5 Sender Win Size:5 ACKed Win Size:10
Thread S: Socket number: 0 Eff window size:5 Sender Win Size:5 ACKed Win Size:10
Select TIMED OUT
Thread S: Socket number: 0 Eff window size:5 Sender Win Size:5 ACKed Win Size:10
Thread S: Socket number: 0 Eff window size:5 Sender Win Size:5 ACKed Win Size:10
Select TIMED OUT
Thread S: Socket number: 0 Eff window size:5 Sender Win Size:5 ACKed Win Size:10
Thread S: Socket number: 0 Eff window size:5 Sender Win Size:5 ACKed Win Size:10
Select TIMED OUT
Thread S: Socket number: 0 Eff window size:5 Sender Win Size:5 ACKed Win Size:10
Thread S: Socket number: 0 Eff window size:5 Sender Win Size:5 ACKed Win Size:10
Select TIMED OUT
Thread S: Socket number: 0 Eff window size:5 Sender Win Size:5 ACKed Win Size:10
Thread S: Socket number: 0 Eff window size:5 Sender Win Size:5 ACKed Win Size:10
Select TIMED OUT
Thread S: Socket number: 0 Eff window size:5 Sender Win Size:5 ACKed Win Size:10
Thread S: Socket number: 0 Eff window size:5 Sender Win Size:5 ACKed Win Size:10
Select TIMED OUT
Thread S: Socket number: 0 Eff window size:5 Sender Win Size:5 ACKed Win Size:10
Thread S: Socket number: 0 Eff window size:5 Sender Win Size:5 ACKed Win Size:10
Select TIMED OUT
Thread S: Socket number: 0 Eff window size:5 Sender Win Size:5 ACKed Win Size:10
Thread S: Socket number: 0 Eff window size:5 Sender Win Size:5 ACKed Win Size:10
Select TIMED OUT
Thread S: Socket number: 0 Eff window size:5 Sender Win Size:5 ACKed Win Size:10
Thread S: Socket number: 0 Eff window size:5 Sender Win Size:5 ACKed Win Size:10
Select TIMED OUT
Thread S: Socket number: 0 Eff window size:5 Sender Win Size:5 ACKed Win Size:10
Thread S: Socket number: 0 Eff window size:5 Sender Win Size:5 ACKed Win Size:10
Select TIMED OUT
Thread S: Socket number: 0 Eff window size:5 Sender Win Size:5 ACKed Win Size:10
Thread S: Socket number: 0 Eff window size:5 Sender Win Size:5 ACKed Win Size:10
Select TIMED OUT
Thread S: Socket number: 0 Eff window size:5 Sender Win Size:5 ACKed Win Size:10
Thread S: Socket number: 0 Eff window size:5 Sender Win Size:5 ACKed Win Size:10
Select TIMED OUT
Thread S: Socket number: 0 Eff window size:5 Sender Win Size:5 ACKed Win Size:10
Thread S: Socket number: 0 Eff window size:5 Sender Win Size:5 ACKed Win Size:10
Select TIMED OUT
Thread S: Socket number: 0 Eff window size:5 Sender Win Size:5 ACKed Win Size:10
Thread S: Socket number: 0 Eff window size:5 Sender Win Size:5 ACKed Win Size:10
Select TIMED OUT
Thread S: Socket number: 0 Eff window size:5 Sender Win Size:5 ACKed Win Size:10
Thread S: Socket number: 0 Eff window size:5 Sender Win Size:5 ACKed Win Size:10
Select TIMED OUT
Thread S: Socket number: 0 Eff window size:5 Sender Win Size:5 ACKed Win Size:10
Thread S: Socket number: 0 Eff window size:5 Sender Win Size:5 ACKed Win Size:10
Select TIMED OUT
Thread S: Socket number: 0 Eff window size:5 Sender Win Size:5 ACKed Win Size:10
Thread S: Socket number: 0 Eff window size:5 Sender Win Size:5 ACKed Win Size:10
Select TIMED OUT
Thread S: Socket number: 0 Eff window size:5 Sender Win Size:5 ACKed Win Size:10
Thread S: Socket number: 0 Eff window size:5 Sender Win Size:5 ACKed Win Size:10
Select TIMED OUT
Thread S: Socket number: 0 Eff window size:5 Sender Win Size:5 ACKed Win Size:10
Thread S: Socket number: 0 Eff window size:5 Sender Win Size:5 ACKed Win Size:10
Select TIMED OUT
Thread S: Socket number: 0 Eff window size:5 Sender Win Size:5 ACKed Win Size:10
Thread S: Socket number: 0 Eff window size:5 Sender Win Size:5 ACKed Win Size:10
Select TIMED OUT
Thread S: Socket number: 0 Eff window size:5 Sender Win Size:5 ACKed Win Size:10
Thread S: Socket number: 0 Eff window size:5 Sender Win Size:5 ACKed Win Size:10
Select TIMED OUT
Thread S: Socket number: 0 Eff window size:5 Sender Win Size:5 ACKed Win Size:10
Thread S: Socket number: 0 Eff window size:5 Sender Win Size:5 ACKed Win Size:10
Select TIMED OUT
Thread S: Socket number: 0 Eff window size:5 Sender Win Size:5 ACKed Win Size:10
Thread S: Socket number: 0 Eff window size:5 Sender Win Size:5 ACKed Win Size:10
Select TIMED OUT
Thread S: Socket number: 0 Eff window size:5 Sender Win Size:5 ACKed Win Size:10
Thread S: Socket number: 0 Eff window size:5 Sender Win Size:5 ACKed Win Size:10
Select TIMED OUT
Thread S: Socket number: 0 Eff window size:5 Sender Win Size:5 ACKed Win Size:10
Thread S: Socket number: 0 Eff window size:5 Sender Win Size:5 ACKed Win Size:10
Select TIMED OUT
Thread S: Socket number: 0 Eff window size:5 Sender Win Size:5 ACKed Win Size:10
Thread S: Socket number: 0 Eff window size:5 Sender Win Size:5 ACKed Win Size:10
Select TIMED OUT
Thread S: Socket number: 0 Eff window size:5 Sender Win Size:5 ACKed Win Size:10
Thread S: Socket number: 0 Eff window size:5 Sender Win Size:5 ACKed Win Size:10
Select TIMED OUT
Thread S: Socket number: 0 Eff window size:5 Sender Win Size:5 ACKed Win Size:10
Thread S: Socket number: 0 Eff window size:5 Sender Win Size:5 ACKed Win Size:10
Select TIMED OUT
Thread S: Socket number: 0 Eff window size:5 Sender Win Size:5 ACKed Win Size:10
Thread S: Socket number: 0 Eff window size:5 Sender Win Size:5 ACKed Win Size:10
Select TIMED OUT
Thread S: Socket number: 0 Eff window size:5 Sender Win Size:5 ACKed Win Size:10
Thread S: Socket number: 0 Eff window size:5 Sender Win Size:5 ACKed Win Size:10
Select TIMED OUT
Thread S: Socket number: 0 Eff window size:5 Sender Win Size:5 ACKed Win Size:10
Thread S: Socket number: 0 Eff window size:5 Sender Win Size:5 ACKed Win Size:10
Select TIMED OUT
Thread S: Socket number: 0 Eff window size:5 Sender Win Size:5 ACKed Win Size:10
Thread S: Socket number: 0 Eff window size:5 Sender Win Size:5 ACKed Win Size:10
Select TIMED OUT
Thread S: Socket number: 0 Eff window size:5 Sender Win Size:5 ACKed Win Size:10
Thread S: Socket number: 0 Eff window size:5 Sender Win Size:5 ACKed Win Size:10
Select TIMED OUT
Thread S: Socket number: 0 Eff window size:5 Sender Win Size:5 ACKed Win Size:10
Thread S: Socket number: 0 Eff window size:5 Sender Win Size:5 ACKed Win Size:10
Select TIMED OUT
Thread S: Socket number: 0 Eff window size:5 Sender Win Size:5 ACKed Win Size:10
Thread S: Socket number: 0 Eff window size:5 Sender Win Size:5 ACKed Win Size:10
Select TIMED OUT
Thread S: Socket number: 0 Eff window size:5 Sender Win Size:5 ACKed Win Size:10
Thread S: Socket number: 0 Eff window size:5 Sender Win Size:5 ACKed Win Size:10
Select TIMED OUT
Thread S: Socket number: 0 Eff window size:5 Sender Win Size:5 ACKed Win Size:10
Thread S: Socket number: 0 Eff window size:5 Sender Win Size:5 ACKed Win Size:10
Select TIMED OUT
Thread S: Socket number: 0 Eff window size:5 Sender Win Size:5 ACKed Win Size:10
Thread S: Socket number: 0 Eff window size:5 Sender Win Size:5 ACKed Win Size:10
Select TIMED OUT
Thread S: Socket number: 0 Eff window size:5 Sender Win Size:5 ACKed Win Size:10
Thread S: Socket number: 0 Eff window size:5 Sender Win Size:5 ACKed Win Size:10
Select TIMED OUT
Thread S: Socket number: 0 Eff window size:5 Sender Win Size:5 ACKed Win Size:10
Thread S: Socket number: 0 Eff window size:5 Sender Win Size:5 ACKed Win Size:10
Select TIMED OUT
Thread S: Socket number: 0 Eff window size:5 Sender Win Size:5 ACKed Win Size:10
Thread S: Socket number: 0 Eff window size:5 Sender Win Size:5 ACKed Win Size:10
Select TIMED OUT
Thread S: Socket number: 0 Eff window size:5 Sender Win Size:5 ACKed Win Size:10
Thread S: Socket number: 0 Eff window size:5 Sender Win Size:5 ACKed Win Size:10
Select TIMED OUT
Thread S: Socket number: 0 Eff window size:5 Sender Win Size:5 ACKed Win Size:10
Thread S: Socket number: 0 Eff window size:5 Sender Win Size:5 ACKed Win Size:10
Select TIMED OUT
Thread S: Socket number: 0 Eff window size:5 Sender Win Size:5 ACKed Win Size:10
Thread S: Socket number: 0 Eff window size:5 Sender Win Size:5 ACKed Win Size:10
Select TIMED OUT
Thread S: Socket number: 0 Eff window size:5 Sender Win Size:5 ACKed Win Size:10
Thread S: Socket number: 0 Eff window size:5 Sender Win Size:5 ACKed Win Size:10
Select TIMED OUT
Thread S: Socket number: 0 Eff window size:5 Sender Win Size:5 ACKed Win Size:10
Thread S: Socket number: 0 Eff window size:5 Sender Win Size:5 ACKed Win Size:10
Select TIMED OUT
Thread S: Socket number: 0 Eff window size:5 Sender Win Size:5 ACKed Win Size:10
Thread S: Socket number: 0 Eff window size:5 Sender Win Size:5 ACKed Win Size:10
Select TIMED OUT
Thread S: Socket number: 0 Eff window size:5 Sender Win Size:5 ACKed Win Size:10
Thread S: Socket number: 0 Eff window size:5 Sender Win Size:5 ACKed Win Size:10
Select TIMED OUT
Thread S: Socket number: 0 Eff window size:5 Sender Win Size:5 ACKed Win Size:10
Thread S: Socket number: 0 Eff window size:5 Sender Win Size:5 ACKed Win Size:10
Select TIMED OUT
Thread S: Socket number: 0 Eff window size:5 Sender Win Size:5 ACKed Win Size:10
Thread S: Socket number: 0 Eff window size:5 Sender Win Size:5 ACKed Win Size:10
Select TIMED OUT
Thread S: Socket number: 0 Eff window size:5 Sender Win Size:5 ACKed Win Size:10
Thread S: Socket number: 0 Eff window size:5 Sender Win Size:5 ACKed Win Size:10
Select TIMED OUT
Thread S: Socket number: 0 Eff window size:5 Sender Win Size:5 ACKed Win Size:10
Thread S: Socket number: 0 Eff window size:5 Sender Win Size:5 ACKed Win Size:10
Select TIMED OUT
Thread S: Socket number: 0 Eff window size:5 Sender Win Size:5 ACKed Win Size:10
Thread S: Socket number: 0 Eff window size:5 Sender Win Size:5 ACKed Win Size:10
Select TIMED OUT
Thread S: Socket number: 0 Eff window size:5 Sender Win Size:5 ACKed Win Size:10
Thread S: Socket number: 0 Eff window size:5 Sender Win Size:5 ACKed Win Size:10
Select TIMED OUT
Thread S: Socket number: 0 Eff window size:5 Sender Win Size:5 ACKed Win Size:10
Thread S: Socket number: 0 Eff window size:5 Sender Win Size:5 ACKed Win Size:10
Select TIMED OUT
Thread S: Socket number: 0 Eff window size:5 Sender Win Size:5 ACKed Win Size:10
Thread S: Socket number: 0 Eff window size:5 Sender Win Size:5 ACKed Win Size:10
Select TIMED OUT
Thread S: Socket number: 0 Eff window size:5 Sender Win Size:5 ACKed Win Size:10
Thread S: Socket number: 0 Eff window size:5 Sender Win Size:5 ACKed Win Size:10
Select TIMED OUT
Thread S: Socket number: 0 Eff window size:5 Sender Win Size:5 ACKed Win Size:10
Thread S: Socket number: 0 Eff window size:5 Sender Win Size:5 ACKed Win Size:10
Select TIMED OUT
Thread S: Socket number: 0 Eff window size:5 Sender Win Size:5 ACKed Win Size:10
Thread S: Socket number: 0 Eff window size:5 Sender Win Size:5 ACKed Win Size:10
Select TIMED OUT
Thread S: Socket number: 0 Eff window size:5 Sender Win Size:5 ACKed Win Size:10
Thread S: Socket number: 0 Eff window size:5 Sender Win Size:5 ACKed Win Size:10
Select TIMED OUT
Thread S: Socket number: 0 Eff window size:5 Sender Win Size:5 ACKed Win Size:10
Thread S: Socket number: 0 Eff window size:5 Sender Win Size:5 ACKed Win Size:10
Select TIMED OUT
Thread S: Socket number: 0 Eff window size:5 Sender Win Size:5 ACKed Win Size:10
Thread S: Socket number: 0 Eff window size:5 Sender Win Size:5 ACKed Win Size:10
Select TIMED OUT
Thread S: Socket number: 0 Eff window size:5 Sender Win Size:5 ACKed Win Size:10
Thread S: Socket number: 0 Eff window size:5 Sender Win Size:5 ACKed Win Size:10
Select TIMED OUT
Thread S: Socket number: 0 Eff window size:5 Sender Win Size:5 ACKed Win Size:10
Thread S: Socket number: 0 Eff window size:5 Sender Win Size:5 ACKed Win Size:10
Select TIMED OUT
Thread S: Socket number: 0 Eff window size:5 Sender Win Size:5 ACKed Win Size:10
Thread S: Socket number: 0 Eff window size:5 Sender Win Size:5 ACKed Win Size:10
Select TIMED OUT
Thread S: Socket number: 0 Eff window size:5 Sender Win Size:5 ACKed Win Size:10
Thread S: Socket number: 0 Eff window size:5 Sender Win Size:5 ACKed Win Size:10
Select TIMED OUT
Thread S: Socket number: 0 Eff window size:5 Sender Win Size:5 ACKed Win Size:10
Thread S: Socket number: 0 Eff window size:5 Sender Win Size:5 ACKed Win Size:10
Select TIMED OUT
Thread S: Socket number: 0 Eff window size:5 Sender Win Size:5 ACKed Win Size:10
Thread S: Socket number: 0 Eff window size:5 Sender Win Size:5 ACKed Win Size:10
Select TIMED OUT
Thread S: Socket number: 0 Eff window size:5 Sender Win Size:5 ACKed Win Size:10
Thread S: Socket number: 0 Eff window size:5 Sender Win Size:5 ACKed Win Size:10
Select TIMED OUT
Thread S: Socket number: 0 Eff window size:5 Sender Win Size:5 ACKed Win Size:10
Thread S: Socket number: 0 Eff window size:5 Sender Win Size:5 ACKed Win Size:10
Select TIMED OUT
Thread S: Socket number: 0 Eff window size:5 Sender Win Size:5 ACKed Win Size:10
Thread S: Socket number: 0 Eff window size:5 Sender Win Size:5 ACKed Win Size:10
Select TIMED OUT
Thread S: Socket number: 0 Eff window size:5 Sender Win Size:5 ACKed Win Size:10
Thread S: Socket number: 0 Eff window size:5 Sender Win Size:5 ACKed Win Size:10
Select TIMED OUT
Thread S: Socket number: 0 Eff window size:5 Sender Win Size:5 ACKed Win Size:10
Thread S: Socket number: 0 Eff window size:5 Sender Win Size:5 ACKed Win Size:10
Select TIMED OUT
Thread S: Socket number: 0 Eff window size:5 Sender Win Size:5 ACKed Win Size:10
Thread S: Socket number: 0 Eff window size:5 Sender Win Size:5 ACKed Win Size:10
Select TIMED OUT
Thread S: Socket number: 0 Eff window size:5 Sender Win Size:5 ACKed Win Size:10
Thread S: Socket number: 0 Eff window size:5 Sender Win Size:5 ACKed Win Size:10
Select TIMED OUT
Thread S: Socket number: 0 Eff window size:5 Sender Win Size:5 ACKed Win Size:10
Thread S: Socket number: 0 Eff window size:5 Sender Win Size:5 ACKed Win Size:10
Select TIMED OUT
Thread S: Socket number: 0 Eff window size:5 Sender Win Size:5 ACKed Win Size:10
Thread S: Socket number: 0 Eff window size:5 Sender Win Size:5 ACKed Win Size:10
Select TIMED OUT
Thread S: Socket number: 0 Eff window size:5 Sender Win Size:5 ACKed Win Size:10
Thread S: Socket number: 0 Eff window size:5 Sender Win Size:5 ACKed Win Size:10
Select TIMED OUT
Thread S: Socket number: 0 Eff window size:5 Sender Win Size:5 ACKed Win Size:10
Thread S: Socket number: 0 Eff window size:5 Sender Win Size:5 ACKed Win Size:10
Select TIMED OUT
Thread S: Socket number: 0 Eff window size:5 Sender Win Size:5 ACKed Win Size:10
Thread S: Socket number: 0 Eff window size:5 Sender Win Size:5 ACKed Win Size:10
Select TIMED OUT
Thread S: Socket number: 0 Eff window size:5 Sender Win Size:5 ACKed Win Size:10
Thread S: Socket number: 0 Eff window size:5 Sender Win Size:5 ACKed Win Size:10
Select TIMED OUT
Thread S: Socket number: 0 Eff window size:5 Sender Win Size:5 ACKed Win Size:10
Thread S: Socket number: 0 Eff window size:5 Sender Win Size:5 ACKed Win Size:10
Select TIMED OUT
Thread S: Socket number: 0 Eff window size:5 Sender Win Size:5 ACKed Win Size:10
Thread S: Socket number: 0 Eff window size:5 Sender Win Size:5 ACKed Win Size:10
Select TIMED OUT
Thread S: Socket number: 0 Eff window size:5 Sender Win Size:5 ACKed Win Size:10
Thread S: Socket number: 0 Eff window size:5 Sender Win Size:5 ACKed Win Size:10
Select TIMED OUT
Thread S: Socket number: 0 Eff window size:5 Sender Win Size:5 ACKed Win Size:10
Thread S: Socket number: 0 Eff window size:5 Sender Win Size:5 ACKed Win Size:10
Select TIMED OUT
Thread S: Socket number: 0 Eff window size:5 Sender Win Size:5 ACKed Win Size:10
Thread S: Socket number: 0 Eff window size:5 Sender Win Size:5 ACKed Win Size:10
Select TIMED OUT
Thread S: Socket number: 0 Eff window size:5 Sender Win Size:5 ACKed Win Size:10
Thread S: Socket number: 0 Eff window size:5 Sender Win Size:5 ACKed Win Size:10
Select TIMED OUT
Thread S: Socket number: 0 Eff window size:5 Sender Win Size:5 ACKed Win Size:10
Thread S: Socket number: 0 Eff window size:5 Sender Win Size:5 ACKed Win Size:10
Select TIMED OUT
Thread S: Socket number: 0 Eff window size:5 Sender Win Size:5 ACKed Win Size:10
Thread S: Socket number: 0 Eff window size:5 Sender Win Size:5 ACKed Win Size:10
Select TIMED OUT
Thread S: Socket number: 0 Eff window size:5 Sender Win Size:5 ACKed Win Size:10
Thread S: Socket number: 0 Eff window size:5 Sender Win Size:5 ACKed Win Size:10
Select TIMED OUT
Thread S: Socket number: 0 Eff window size:5 Sender Win Size:5 ACKed Win Size:10
Thread S: Socket number: 0 Eff window size:5 Sender Win Size:5 ACKed Win Size:10
Select TIMED OUT
Thread S: Socket number: 0 Eff window size:5 Sender Win Size:5 ACKed Win Size:10
Thread S: Socket number: 0 Eff window size:5 Sender Win Size:5 ACKed Win Size:10
Select TIMED OUT
Thread S: Socket number: 0 Eff window size:5 Sender Win Size:5 ACKed Win Size:10
Thread S: Socket number: 0 Eff window size:5 Sender Win Size:5 ACKed Win Size:10
Select TIMED OUT
Thread S: Socket number: 0 Eff window size:5 Sender Win Size:5 ACKed Win Size:10
Thread S: Socket number: 0 Eff window size:5 Sender Win Size:5 ACKed Win Size:10
Select TIMED OUT
Thread S: Socket number: 0 Eff window size:5 Sender Win Size:5 ACKed Win Size:10
Thread S: Socket number: 0 Eff window size:5 Sender Win Size:5 ACKed Win Size:10
Select TIMED OUT
Thread S: Socket number: 0 Eff window size:5 Sender Win Size:5 ACKed Win Size:10
Thread S: Socket number: 0 Eff window size:5 Sender Win Size:5 ACKed Win Size:10
Select TIMED OUT
Thread S: Socket number: 0 Eff window size:5 Sender Win Size:5 ACKed Win Size:10
Thread S: Socket number: 0 Eff window size:5 Sender Win Size:5 ACKed Win Size:10
Select TIMED OUT
Thread S: Socket number: 0 Eff window size:5 Sender Win Size:5 ACKed Win Size:10
Thread S: Socket number: 0 Eff window size:5 Sender Win Size:5 ACKed Win Size:10
Select TIMED OUT
Thread S: Socket number: 0 Eff window size:5 Sender Win Size:5 ACKed Win Size:10
Thread S: Socket number: 0 Eff window size:5 Sender Win Size:5 ACKed Win Size:10
Select TIMED OUT
Thread S: Socket number: 0 Eff window size:5 Sender Win Size:5 ACKed Win Size:10
Thread S: Socket number: 0 Eff window size:5 Sender Win Size:5 ACKed Win Size:10
Select TIMED OUT
Thread S: Socket number: 0 Eff window size:5 Sender Win Size:5 ACKed Win Size:10
Thread S: Socket number: 0 Eff window size:5 Sender Win Size:5 ACKed Win Size:10
Select TIMED OUT
Thread S: Socket number: 0 Eff window size:5 Sender Win Size:5 ACKed Win Size:10
Thread S: Socket number: 0 Eff window size:5 Sender Win Size:5 ACKed Win Size:10
Select TIMED OUT
Thread S: Socket number: 0 Eff window size:5 Sender Win Size:5 ACKed Win Size:10
Thread S: Socket number: 0 Eff window size:5 Sender Win Size:5 ACKed Win Size:10
Select TIMED OUT
Thread S: Socket number: 0 Eff window size:5 Sender Win Size:5 ACKed Win Size:10
Thread S: Socket number: 0 Eff window size:5 Sender Win Size:5 ACKed Win Size:10
Select TIMED OUT
Thread S: Socket number: 0 Eff window size:5 Sender Win Size:5 ACKed Win Size:10
Thread S: Socket number: 0 Eff window size:5 Sender Win Size:5 ACKed Win Size:10
Select TIMED OUT
Thread S: Socket number: 0 Eff window size:5 Sender Win Size:5 ACKed Win Size:10
Thread S: Socket number: 0 Eff window size:5 Sender Win Size:5 ACKed Win Size:10
Select TIMED OUT
Thread S: Socket number: 0 Eff window size:5 Sender Win Size:5 ACKed Win Size:10
Thread S: Socket number: 0 Eff window size:5 Sender Win Size:5 ACKed Win Size:10
Select TIMED OUT
Thread S: Socket number: 0 Eff window size:5 Sender Win Size:5 ACKed Win Size:10
Thread S: Socket number: 0 Eff window size:5 Sender Win Size:5 ACKed Win Size:10
Select TIMED OUT
Thread S: Socket number: 0 Eff window size:5 Sender Win Size:5 ACKed Win Size:10
Thread S: Socket number: 0 Eff window size:5 Sender Win Size:5 ACKed Win Size:10
Select TIMED OUT
Thread S: Socket number: 0 Eff window size:5 Sender Win Size:5 ACKed Win Size:10
Thread S: Socket number: 0 Eff window size:5 Sender Win Size:5 ACKed Win Size:10
Select TIMED OUT
Thread S: Socket number: 0 Eff window size:5 Sender Win Size:5 ACKed Win Size:10
Thread S: Socket number: 0 Eff window size:5 Sender Win Size:5 ACKed Win Size:10
Select TIMED OUT
Thread S: Socket number: 0 Eff window size:5 Sender Win Size:5 ACKed Win Size:10
Thread S: Socket number: 0 Eff window size:5 Sender Win Size:5 ACKed Win Size:10
Select TIMED OUT
Thread S: Socket number: 0 Eff window size:5 Sender Win Size:5 ACKed Win Size:10
Thread S: Socket number: 0 Eff window size:5 Sender Win Size:5 ACKed Win Size:10
Select TIMED OUT
Thread S: Socket number: 0 Eff window size:5 Sender Win Size:5 ACKed Win Size:10
Thread S: Socket number: 0 Eff window size:5 Sender Win Size:5 ACKed Win Size:10
Select TIMED OUT
Thread S: Socket number: 0 Eff window size:5 Sender Win Size:5 ACKed Win Size:10
Thread S: Socket number: 0 Eff window size:5 Sender Win Size:5 ACKed Win Size:10
Select TIMED OUT
Thread S: Socket number: 0 Eff window size:5 Sender Win Size:5 ACKed Win Size:10
Thread S: Socket number: 0 Eff window size:5 Sender Win Size:5 ACKed Win Size:10
Select TIMED OUT
Thread S: Socket number: 0 Eff window size:5 Sender Win Size:5 ACKed Win Size:10
Thread S: Socket number: 0 Eff window size:5 Sender Win Size:5 ACKed Win Size:10
Select TIMED OUT
Thread S: Socket number: 0 Eff window size:5 Sender Win Size:5 ACKed Win Size:10
Thread S: Socket number: 0 Eff window size:5 Sender Win Size:5 ACKed Win Size:10
Select TIMED OUT
Thread S: Socket number: 0 Eff window size:5 Sender Win Size:5 ACKed Win Size:10
Thread S: Socket number: 0 Eff window size:5 Sender Win Size:5 ACKed Win Size:10
Select TIMED OUT
Thread S: Socket number: 0 Eff window size:5 Sender Win Size:5 ACKed Win Size:10
Thread S: Socket number: 0 Eff window size:5 Sender Win Size:5 ACKed Win Size:10
Select TIMED OUT
Thread S: Socket number: 0 Eff window size:5 Sender Win Size:5 ACKed Win Size:10
Thread S: Socket number: 0 Eff window size:5 Sender Win Size:5 ACKed Win Size:10
Select TIMED OUT
Thread S: Socket number: 0 Eff window size:5 Sender Win Size:5 ACKed Win Size:10
Thread S: Socket number: 0 Eff window size:5 Sender Win Size:5 ACKed Win Size:10
Select TIMED OUT
Thread S: Socket number: 0 Eff window size:5 Sender Win Size:5 ACKed Win Size:10
Thread S: Socket number: 0 Eff window size:5 Sender Win Size:5 ACKed Win Size:10
Select TIMED OUT
Thread S: Socket number: 0 Eff window size:5 Sender Win Size:5 ACKed Win Size:10
Thread S: Socket number: 0 Eff window size:5 Sender Win Size:5 ACKed Win Size:10
Select TIMED OUT
Thread S: Socket number: 0 Eff window size:5 Sender Win Size:5 ACKed Win Size:10
Thread S: Socket number: 0 Eff window size:5 Sender Win Size:5 ACKed Win Size:10
Select TIMED OUT
Thread S: Socket number: 0 Eff window size:5 Sender Win Size:5 ACKed Win Size:10
Thread S: Socket number: 0 Eff window size:5 Sender Win Size:5 ACKed Win Size:10
Select TIMED OUT
Thread S: Socket number: 0 Eff window size:5 Sender Win Size:5 ACKed Win Size:10
Thread S: Socket number: 0 Eff window size:5 Sender Win Size:5 ACKed Win Size:10
Select TIMED OUT
Thread S: Socket number: 0 Eff window size:5 Sender Win Size:5 ACKed Win Size:10
Thread S: Socket number: 0 Eff window size:5 Sender Win Size:5 ACKed Win Size:10
Select TIMED OUT
Thread S: Socket number: 0 Eff window size:5 Sender Win Size:5 ACKed Win Size:10
Thread S: Socket number: 0 Eff window size:5 Sender Win Size:5 ACKed Win Size:10
Select TIMED OUT
Thread S: Socket number: 0 Eff window size:5 Sender Win Size:5 ACKed Win Size:10
Thread S: Socket number: 0 Eff window size:5 Sender Win Size:5 ACKed Win Size:10
Select TIMED OUT
Thread S: Socket number: 0 Eff window size:5 Sender Win Size:5 ACKed Win Size:10
Thread S: Socket number: 0 Eff window size:5 Sender Win Size:5 ACKed Win Size:10
Select TIMED OUT
Thread S: Socket number: 0 Eff window size:5 Sender Win Size:5 ACKed Win Size:10
Thread S: Socket number: 0 Eff window size:5 Sender Win Size:5 ACKed Win Size:10
Select TIMED OUT
Thread S: Socket number: 0 Eff window size:5 Sender Win Size:5 ACKed Win Size:10
Thread S: Socket number: 0 Eff window size:5 Sender Win Size:5 ACKed Win Size:10
Select TIMED OUT
Thread S: Socket number: 0 Eff window size:5 Sender Win Size:5 ACKed Win Size:10
Thread S: Socket number: 0 Eff window size:5 Sender Win Size:5 ACKed Win Size:10
Select TIMED OUT
Thread S: Socket number: 0 Eff window size:5 Sender Win Size:5 ACKed Win Size:10
Thread S: Socket number: 0 Eff window size:5 Sender Win Size:5 ACKed Win Size:10
Select TIMED OUT
Thread S: Socket number: 0 Eff window size:5 Sender Win Size:5 ACKed Win Size:10
Thread S: Socket number: 0 Eff window size:5 Sender Win Size:5 ACKed Win Size:10
Select TIMED OUT
Thread S: Socket number: 0 Eff window size:5 Sender Win Size:5 ACKed Win Size:10
Thread S: Socket number: 0 Eff window size:5 Sender Win Size:5 ACKed Win Size:10
Select TIMED OUT
Thread S: Socket number: 0 Eff window size:5 Sender Win Size:5 ACKed Win Size:10
Thread S: Socket number: 0 Eff window size:5 Sender Win Size:5 ACKed Win Size:10
Select TIMED OUT
Thread S: Socket number: 0 Eff window size:5 Sender Win Size:5 ACKed Win Size:10
Thread S: Socket number: 0 Eff window size:5 Sender Win Size:5 ACKed Win Size:10
Select TIMED OUT
Thread S: Socket number: 0 Eff window size:5 Sender Win Size:5 ACKed Win Size:10
Thread S: Socket number: 0 Eff window size:5 Sender Win Size:5 ACKed Win Size:10
Select TIMED OUT
Thread S: Socket number: 0 Eff window size:5 Sender Win Size:5 ACKed Win Size:10
Thread S: Socket number: 0 Eff window size:5 Sender Win Size:5 ACKed Win Size:10
Select TIMED OUT

Cleaning up...
Removing shared memory...
